customer_id,payment_record,total_spend,churn
REAL-1438,Good,62.97,0
REAL-3674,Good,45.510000000000005,0
REAL-2345,Delayed,21.09,1
REAL-2957,Good,60.56,0
REAL-3148,Good,53.83,0
REAL-4106,Good,46.33,0
REAL-2786,Good,52.75,0
REAL-1321,Good,46.85,0
REAL-4082,Delayed,56.919999999999995,0
REAL-3240,Good,49.21000000000001,0
REAL-2910,Good,42.879999999999995,0
REAL-3124,Delayed,30.85,0
REAL-3351,Good,55.74,0
REAL-2736,Good,74.78,1
REAL-1879,Delayed,72.42,0
REAL-1785,Delayed,67.62,0
REAL-3684,Good,61.03,0
REAL-1787,Good,71.11,1
REAL-1170,Good,63.690000000000005,0
REAL-2720,Good,52.260000000000005,0
REAL-1756,Good,63.42999999999999,0
REAL-3323,Good,54.51,0
REAL-3262,Good,33.5,0
REAL-2210,Good,69.25,0
REAL-2450,Good,43.9,0
REAL-2391,Delayed,53.61,0
REAL-2656,Good,50.349999999999994,0
REAL-2830,Good,68.74,0
REAL-3274,Delayed,68.33999999999999,0
REAL-1538,Good,63.15,0
REAL-1693,Delayed,53.91,0
REAL-1051,Good,66.65,0
REAL-1811,Good,57.03,0
REAL-3638,Good,54.419999999999995,0
REAL-1134,Good,60.0,0
REAL-2488,Good,62.89,0
REAL-3252,Good,25.87,0
REAL-3304,Good,45.370000000000005,0
REAL-4169,Delayed,36.67,1
REAL-1309,Delayed,68.84,0
REAL-1322,Good,55.99,0
REAL-1742,Delayed,64.49,0
REAL-3456,Delayed,64.12,0
REAL-2084,Delayed,68.56,0
REAL-2860,Good,68.23,0
REAL-3488,Good,54.45,0
REAL-3889,Good,72.81000000000002,1
REAL-2904,Delayed,51.830000000000005,1
REAL-3789,Good,51.67,0
REAL-2947,Good,60.01,0
REAL-1368,Good,40.52,0
REAL-1871,Delayed,75.13,1
REAL-1030,Good,37.31,0
REAL-3754,Good,59.419999999999995,0
REAL-2642,Good,32.81,0
REAL-3925,Good,55.57,1
REAL-4052,Good,49.71,0
REAL-1257,Good,44.34,0
REAL-3566,Good,54.35,0
REAL-1139,Good,$54.91,0
REAL-1790,Good,68.86,0
REAL-2113,Good,61.93,0
REAL-2057,Good,38.51,0
REAL-2569,Good,58.36,0
REAL-3929,Delayed,59.81,0
REAL-1070,Delayed,68.89,0
REAL-3527,Good,51.27,0
REAL-4217,Good,69.43,0
REAL-4148,Good,67.67,1
REAL-2196,Good,59.220000000000006,0
REAL-3147,Delayed,72.24000000000001,1
REAL-3292,Good,46.559999999999995,0
REAL-1761,Good,60.07000000000001,0
REAL-1331,Good,76.36,1
REAL-1032,Delayed,51.89,0
REAL-3030,Good,64.95,0
REAL-3959,Good,66.97,0
REAL-3985,Delayed,66.16,0
REAL-4246,Good,46.78999999999999,1
REAL-1229,Good,67.39,0
REAL-3850,Good,49.92999999999999,0
REAL-2835,Delayed,56.51,0
REAL-2104,Delayed,61.370000000000005,0
REAL-2936,Good,35.46,0
REAL-3339,Good,41.22,0
REAL-2956,Delayed,58.6,0
REAL-3302,Good,54.75000000000001,0
REAL-2114,Good,62.05,0
REAL-1746,Good,46.2,0
REAL-3828,Delayed,43.64,1
REAL-1052,Good,60.540000000000006,0
REAL-2078,Good,80.99,1
REAL-1289,Good,87.88,1
REAL-3902,Good,70.55,0
REAL-1017,Delayed,56.8,0
REAL-2898,Good,73.08,1
REAL-2336,Delayed,69.34,0
REAL-1479,Good,58.029999999999994,0
REAL-4091,Good,46.69,0
REAL-3891,Good,$47.55,0
REAL-2612,Good,61.19,0
REAL-2490,Good,68.06,0
REAL-2052,Good,31.56,0
REAL-1183,Good,62.89000000000001,0
REAL-2157,Good,$49.47,0
REAL-1194,Good,68.74,0
REAL-1450,Good,53.89,0
REAL-2374,Good,56.46,0
REAL-4136,Good,39.120000000000005,0
REAL-2795,Good,55.89,0
REAL-2359,Good,68.26,1
REAL-2237,Delayed,46.949999999999996,0
REAL-1298,Delayed,64.55000000000001,0
REAL-2807,Delayed,56.43,0
REAL-3338,Good,48.489999999999995,0
REAL-3234,Good,61.080000000000005,0
REAL-1080,Good,70.07,0
REAL-2226,Good,54.8,0
REAL-2344,Good,72.63,1
REAL-1093,Delayed,70.03,0
REAL-1314,Good,50.19,0
REAL-2918,Good,57.38,0
REAL-2876,Good,55.21,0
REAL-3469,Delayed,48.03,0
REAL-3102,Good,68.38,0
REAL-3140,Delayed,56.23,0
REAL-2933,Good,76.33,1
REAL-4189,Good,68.88,1
REAL-1578,Good,57.25,0
REAL-3865,Good,47.12,1
REAL-3083,Delayed,47.65,0
REAL-1174,Good,60.96999999999999,0
REAL-2370,Good,56.22,0
REAL-1805,Good,56.099999999999994,0
REAL-3962,Good,65.95,0
REAL-2905,Good,56.5,0
REAL-2766,Good,50.589999999999996,0
REAL-1256,Good,48.63,0
REAL-1238,Good,34.69,0
REAL-1897,Good,62.54,0
REAL-1291,Good,33.52,0
REAL-2514,Good,58.769999999999996,0
REAL-1781,Good,50.629999999999995,0
REAL-2610,Delayed,66.05,0
REAL-1203,Good,48.839999999999996,0
REAL-2192,Delayed,74.24,1
REAL-2902,Good,$62.36,0
REAL-3340,Good,57.92,0
REAL-1354,Good,67.46,1
REAL-3563,Good,46.769999999999996,0
REAL-4037,Good,58.800000000000004,0
REAL-2135,Good,68.98,0
REAL-3037,Good,41.81,0
REAL-1240,Good,53.73,0
REAL-2752,Good,49.78,1
REAL-1432,Good,68.52,0
REAL-1102,Good,44.01,0
REAL-1495,Good,49.949999999999996,0
REAL-2073,Good,48.48,0
REAL-3098,Good,53.09,0
REAL-2626,Good,57.230000000000004,0
REAL-2105,Good,62.16,1
REAL-3540,Good,35.95,0
REAL-4331,Good,56.18,0
REAL-1818,Good,58.45,0
REAL-2436,Good,64.45,0
REAL-1044,Good,57.31,0
REAL-3510,Good,64.22,0
REAL-2025,Good,78.99,0
REAL-1076,Good,78.59,1
REAL-3905,Delayed,46.24,0
REAL-2429,Good,62.870000000000005,0
REAL-2611,Good,39.449999999999996,0
REAL-2116,Delayed,60.099999999999994,0
REAL-1599,Good,64.59,0
REAL-1239,Good,53.29,0
REAL-2422,Good,57.849999999999994,0
REAL-2253,Delayed,60.96000000000001,0
REAL-3724,Good,72.58000000000001,1
REAL-1430,Good,73.47999999999999,1
REAL-2973,Delayed,75.24000000000001,0
REAL-4137,Delayed,45.94,0
REAL-1295,Good,59.76,0
REAL-2330,Good,53.440000000000005,0
REAL-3513,Good,37.82,0
REAL-3829,Good,71.97,0
REAL-2538,Delayed,27.130000000000003,1
REAL-4144,Delayed,46.64,1
REAL-2869,Good,76.36,1
REAL-3168,Good,51.78,0
REAL-3881,Good,54.620000000000005,0
REAL-1423,Delayed,66.09,0
REAL-3938,Good,42.699999999999996,0
REAL-3673,Delayed,69.2,1
REAL-1485,Good,42.56999999999999,0
REAL-3273,Good,49.019999999999996,0
REAL-2775,Good,76.62,0
REAL-2089,Good,59.04,0
REAL-4316,Good,56.42999999999999,0
REAL-1755,Good,53.61,0
REAL-1610,Delayed,64.32,0
REAL-1712,Good,36.58,0
REAL-4036,Delayed,61.74,0
REAL-3878,Good,57.21,0
REAL-2454,Good,57.459999999999994,1
REAL-3212,Good,63.8,0
REAL-2652,Good,69.96000000000001,0
REAL-3229,Good,65.05,0
REAL-1544,Delayed,41.629999999999995,0
REAL-3321,Good,65.19,0
REAL-1325,Good,35.51,0
REAL-1414,Good,49.23,0
REAL-1557,Good,61.88,0
REAL-1299,Good,60.8,0
REAL-3107,Good,73.65,1
REAL-2006,Good,65.36,0
REAL-4146,Good,61.43000000000001,0
REAL-2731,Good,76.87,1
REAL-1184,Delayed,71.05999999999999,0
REAL-1192,Good,61.629999999999995,0
REAL-3626,Good,52.28,0
REAL-2494,Good,62.09,0
REAL-3884,Good,74.51,1
REAL-3387,Delayed,53.48,1
REAL-1026,Good,60.67,0
REAL-2487,Good,69.23,0
REAL-3005,Good,48.93,0
REAL-1443,Good,64.87,0
REAL-3349,Good,63.93,0
REAL-1144,Good,54.72,1
REAL-3163,Good,71.53999999999999,0
REAL-1152,Good,55.57000000000001,0
REAL-1798,Good,61.620000000000005,0
REAL-3409,Good,47.07,0
REAL-2583,Good,68.22,0
REAL-1869,Good,59.81,0
REAL-2714,Delayed,53.69,0
REAL-1461,Delayed,58.04,0
REAL-1907,Good,40.45,0
REAL-4097,Good,54.269999999999996,0
REAL-3174,Good,35.08,0
REAL-1478,Good,52.699999999999996,0
REAL-3319,Delayed,75.98,0
REAL-2551,Good,60.83,1
REAL-1764,Good,55.4,0
REAL-2728,Delayed,54.449999999999996,0
REAL-3639,Good,69.75999999999999,0
REAL-1867,Good,46.620000000000005,0
REAL-1506,Good,54.69,0
REAL-1838,Good,70.38000000000001,0
REAL-4273,Delayed,69.68,0
REAL-3400,Good,54.349999999999994,0
REAL-1969,Good,60.47,0
REAL-1594,Good,60.87,0
REAL-3369,Delayed,51.239999999999995,1
REAL-1680,Good,57.60999999999999,0
REAL-1178,Delayed,55.36,0
REAL-2665,Delayed,49.25000000000001,0
REAL-4019,Delayed,71.74000000000001,1
REAL-1840,Delayed,50.01,0
REAL-1857,Good,58.49,0
REAL-4129,Good,45.709999999999994,0
REAL-1665,Good,62.12,0
REAL-4322,Delayed,85.28,1
REAL-1014,Delayed,55.769999999999996,0
REAL-4250,Good,54.31,0
REAL-1173,Good,43.28,0
REAL-4291,Good,55.02,1
REAL-2315,Good,56.83,0
REAL-2064,Good,47.92,0
REAL-3354,Good,73.55,1
REAL-1279,Delayed,63.39,0
REAL-2702,Delayed,50.62,1
REAL-2233,Good,31.11,0
REAL-2537,Delayed,51.53,1
REAL-3353,Good,50.82000000000001,0
REAL-4228,Delayed,64.82000000000001,0
REAL-1063,Delayed,58.629999999999995,0
REAL-2108,Delayed,56.53,0
REAL-2138,Good,50.5,0
REAL-1952,Delayed,55.239999999999995,0
REAL-1433,Good,48.25,0
REAL-3702,Good,52.37,0
REAL-1439,Good,51.830000000000005,0
REAL-3996,Good,26.619999999999997,0
REAL-1254,Good,55.66,0
REAL-3288,Good,53.67,0
REAL-3783,Good,58.79,0
REAL-3398,Good,51.089999999999996,0
REAL-2425,Good,50.05,0
REAL-1124,Good,45.81,0
REAL-2222,Delayed,64.16,0
REAL-1263,Good,$58.26,0
REAL-2094,Good,65.55,0
REAL-3438,Good,62.760000000000005,0
REAL-1387,Good,58.92,0
REAL-4285,Good,44.88,0
REAL-2878,Good,79.15,1
REAL-2621,Good,23.39,0
REAL-3067,Delayed,54.349999999999994,0
REAL-4077,Good,75.83,0
REAL-3714,Good,50.65,0
REAL-1410,Good,51.54,0
REAL-1842,Good,44.81,0
REAL-1486,Good,65.2,0
REAL-2231,Good,73.33,1
REAL-2871,Good,61.080000000000005,0
REAL-1120,Good,$64.05,0
REAL-1776,Good,68.3,0
REAL-2234,Good,42.78,0
REAL-4076,Good,49.82,0
REAL-3966,Good,62.239999999999995,0
REAL-3401,Good,72.95,1
REAL-3574,Good,48.91,0
REAL-2204,Good,69.67,1
REAL-2644,Good,53.42,0
REAL-1765,Good,56.74,0
REAL-1109,Delayed,62.5,0
REAL-2364,Good,75.11999999999999,1
REAL-3591,Good,72.87,1
REAL-1214,Good,61.22,1
REAL-3202,Good,57.66,0
REAL-4242,Good,62.28000000000001,0
REAL-2727,Good,42.42,0
REAL-1691,Good,49.17999999999999,0
REAL-2647,Good,56.52,0
REAL-3619,Delayed,53.120000000000005,1
REAL-3157,Good,53.87,0
REAL-3185,Good,53.78,0
REAL-4215,Good,53.61,0
REAL-2268,Good,64.64,0
REAL-4051,Good,57.64,0
REAL-1807,Good,45.0,0
REAL-2174,Good,46.349999999999994,0
REAL-1045,Good,46.0,0
REAL-3689,Good,54.53,0
REAL-1218,Good,72.03,1
REAL-3073,Good,58.24,0
REAL-1408,Good,49.08,0
REAL-2557,Good,56.150000000000006,0
REAL-2798,Good,65.41,0
REAL-2298,Good,71.78,0
REAL-4178,Good,55.74,0
REAL-1332,Delayed,44.790000000000006,1
REAL-1251,Delayed,58.59,0
REAL-2588,Good,57.269999999999996,0
REAL-3356,Good,83.28,1
REAL-4187,Good,68.81,0
REAL-3755,Good,64.19,0
REAL-1564,Good,71.3,0
REAL-2467,Good,58.870000000000005,1
REAL-3804,Good,41.47,0
REAL-2465,Good,41.75,0
REAL-2075,Good,55.58,0
REAL-3437,Delayed,54.269999999999996,1
REAL-3726,Good,54.870000000000005,0
REAL-3405,Good,57.38,1
REAL-3672,Good,72.04,1
REAL-3208,Good,56.28,0
REAL-1554,Good,54.03,0
REAL-3810,Good,64.89,0
REAL-1567,Good,59.339999999999996,0
REAL-1000,Good,72.86,0
REAL-1921,Good,46.64,0
REAL-2783,Good,43.919999999999995,0
REAL-4204,Good,68.00999999999999,0
REAL-3475,Good,53.04,0
REAL-3421,Delayed,52.99000000000001,1
REAL-1393,Good,62.709999999999994,0
REAL-1847,Good,49.46,0
REAL-4222,Delayed,47.669999999999995,0
REAL-1211,Good,64.39,0
REAL-2366,Delayed,40.59,0
REAL-1346,Good,49.69,0
REAL-1270,Good,65.49,0
REAL-1642,Good,59.17,0
REAL-3374,Good,57.39,0
REAL-1729,Good,58.33,0
REAL-2483,Good,66.37,0
REAL-2565,Good,40.81,0
REAL-1149,Good,70.5,0
REAL-4039,Good,48.42,0
REAL-1501,Good,73.21000000000001,0
REAL-2844,Delayed,53.22,1
REAL-1612,Delayed,55.24,0
REAL-1940,Good,58.44,0
REAL-4083,Good,66.39,0
REAL-3117,Delayed,59.900000000000006,0
REAL-1033,Good,76.49,1
REAL-1179,Delayed,73.36,0
REAL-2320,Good,54.94,0
REAL-2915,Good,66.46000000000001,0
REAL-2877,Good,62.22,0
REAL-1247,Good,61.99,0
REAL-2003,Good,55.720000000000006,0
REAL-1862,Delayed,55.84,0
REAL-2286,Good,45.169999999999995,0
REAL-4127,Delayed,48.879999999999995,1
REAL-3218,Delayed,53.58,1
REAL-2376,Delayed,75.17,1
REAL-2789,Good,50.019999999999996,0
REAL-1839,Good,64.67,0
REAL-2091,Good,54.15,0
REAL-1596,Delayed,46.59,0
REAL-1442,Good,47.35,0
REAL-4183,Good,49.3,0
REAL-3379,Good,56.22,0
REAL-1810,Good,60.129999999999995,0
REAL-3794,Good,72.60000000000001,1
REAL-3175,Delayed,48.35999999999999,0
REAL-3743,Good,67.36,0
REAL-1188,Good,49.59,0
REAL-2874,Good,55.72,0
REAL-2397,Good,23.93,0
REAL-3666,Good,69.38000000000001,1
REAL-3924,Good,79.51,1
REAL-4006,Good,52.61,0
REAL-1727,Good,64.33,0
REAL-2392,Delayed,73.14,1
REAL-2964,Good,54.379999999999995,0
REAL-3325,Good,77.04,1
REAL-3066,Good,60.48,0
REAL-1324,Delayed,59.39,0
REAL-1463,Good,51.949999999999996,0
REAL-2552,Good,47.449999999999996,0
REAL-1246,Good,30.67,0
REAL-1058,Delayed,52.09,0
REAL-1831,Good,63.56999999999999,0
REAL-3299,Good,66.42999999999999,0
REAL-1411,Good,40.85,0
REAL-1449,Delayed,69.97,0
REAL-1657,Good,56.379999999999995,0
REAL-3880,Good,58.83,0
REAL-1157,Good,59.45,0
REAL-2497,Good,52.59,0
REAL-2061,Good,58.33,0
REAL-3718,Good,59.74999999999999,0
REAL-1978,Delayed,79.98,1
REAL-1457,Good,54.82,0
REAL-2971,Good,66.64,0
REAL-2883,Good,49.66,0
REAL-3132,Delayed,43.17,0
REAL-2641,Good,65.34,0
REAL-2090,Good,50.35,0
REAL-1621,Good,40.1,0
REAL-1527,Good,30.18,0
REAL-1274,Good,53.01,0
REAL-2948,Good,57.39,0
REAL-1881,Delayed,51.35,0
REAL-3333,Good,49.06,0
REAL-2377,Good,44.440000000000005,0
REAL-3486,Good,48.28,0
REAL-1175,Good,65.0,0
REAL-2323,Good,62.5,0
REAL-4013,Good,60.36,0
REAL-4120,Good,71.02,0
REAL-3276,Delayed,54.0,0
REAL-1718,Good,53.71,0
REAL-3183,Delayed,57.010000000000005,0
REAL-1416,Good,52.32,1
REAL-2793,Good,63.28,0
REAL-3946,Good,54.81,0
REAL-2592,Delayed,45.61,0
REAL-2228,Good,55.18,0
REAL-2873,Good,61.14,0
REAL-2894,Delayed,45.550000000000004,0
REAL-1511,Delayed,64.03,0
REAL-1759,Good,60.32,0
REAL-1999,Good,51.77,0
REAL-2272,Delayed,56.66,0
REAL-2255,Good,48.28,0
REAL-3010,Good,41.81,0
REAL-3408,Good,62.2,0
REAL-1315,Good,41.879999999999995,0
REAL-1507,Delayed,67.17,1
REAL-3115,Good,58.81,1
REAL-1889,Good,45.42,0
REAL-1829,Good,58.75,0
REAL-2220,Good,50.44,0
REAL-2815,Good,57.300000000000004,0
REAL-4229,Good,60.330000000000005,0
REAL-2161,Delayed,56.93,0
REAL-2041,Good,67.28999999999999,0
REAL-2590,Good,63.349999999999994,0
REAL-2447,Good,54.129999999999995,0
REAL-2536,Good,37.92,0
REAL-1937,Good,58.989999999999995,0
REAL-1296,Good,42.03,0
REAL-2978,Delayed,56.38,1
REAL-2402,Good,65.23,0
REAL-2509,Delayed,64.77000000000001,0
REAL-1605,Good,87.03,1
REAL-3562,Good,51.47,0
REAL-1266,Delayed,65.25999999999999,0
REAL-2491,Good,57.84,0
REAL-1196,Good,52.709999999999994,0
REAL-1402,Good,48.559999999999995,0
REAL-3309,Good,59.78999999999999,0
REAL-2426,Good,50.839999999999996,0
REAL-4211,Good,31.08,0
REAL-1088,Good,45.78,0
REAL-1278,Good,63.39999999999999,0
REAL-2437,Delayed,69.79,0
REAL-1166,Good,58.07000000000001,0
REAL-3560,Good,65.49,0
REAL-2068,Good,53.21,0
REAL-3910,Good,52.620000000000005,0
REAL-3801,Delayed,57.82,0
REAL-3851,Good,47.730000000000004,0
REAL-3490,Good,64.14999999999999,0
REAL-4328,Good,57.43000000000001,0
REAL-3900,Good,46.31999999999999,1
REAL-2124,Good,59.27,0
REAL-3974,Good,64.08,0
REAL-2032,Good,61.09,0
REAL-1025,Delayed,55.96,0
REAL-2128,Good,53.96000000000001,0
REAL-2988,Good,50.870000000000005,0
REAL-4151,Good,74.33,1
REAL-3683,Good,61.28,0
REAL-2926,Good,52.39,0
REAL-3377,Good,48.32,1
REAL-1067,Good,44.64,0
REAL-3330,Good,52.06,0
REAL-1676,Good,57.75,0
REAL-3963,Good,$57.42,0
REAL-3297,Good,43.9,0
REAL-1031,Good,66.64999999999999,0
REAL-3414,Good,39.79,0
REAL-4088,Good,60.580000000000005,0
REAL-1343,Good,36.97,0
REAL-3541,Good,45.53,0
REAL-1990,Good,68.21000000000001,0
REAL-3803,Delayed,64.12,0
REAL-3988,Delayed,68.98,0
REAL-1705,Good,37.93,0
REAL-1670,Good,74.67,0
REAL-2780,Good,55.37,0
REAL-4313,Good,38.3,0
REAL-3595,Good,76.4,1
REAL-2023,Good,46.35,0
REAL-1734,Good,54.2,0
REAL-2001,Good,47.28,0
REAL-1528,Good,43.559999999999995,0
REAL-1176,Good,49.97,0
REAL-1949,Good,67.04,0
REAL-4025,Good,45.83,0
REAL-2575,Good,48.959999999999994,0
REAL-2123,Good,54.7,0
REAL-1288,Good,58.019999999999996,0
REAL-3209,Delayed,48.58,0
REAL-2190,Good,38.63,0
REAL-1177,Good,62.64,0
REAL-1631,Good,45.4,0
REAL-3310,Delayed,68.80000000000001,0
REAL-2211,Good,59.419999999999995,0
REAL-3419,Good,72.34,1
REAL-1370,Good,62.64,0
REAL-2398,Good,49.11,0
REAL-3230,Good,58.349999999999994,0
REAL-2754,Good,60.83,1
REAL-2110,Good,57.97,0
REAL-4288,Good,54.08,0
REAL-2385,Good,43.18,0
REAL-1598,Good,48.839999999999996,0
REAL-1141,Good,64.2,0
REAL-2632,Good,53.87,0
REAL-1611,Good,59.5,0
REAL-2620,Good,61.739999999999995,0
REAL-1471,Delayed,41.81,0
REAL-1859,Delayed,76.32,1
REAL-2756,Good,41.92999999999999,0
REAL-2103,Good,55.22,0
REAL-3927,Good,46.98,0
REAL-2395,Good,50.7,0
REAL-1195,Good,$56.85,0
REAL-1532,Good,67.19,0
REAL-4218,Good,57.81,0
REAL-3023,Good,51.870000000000005,0
REAL-2292,Good,65.39,0
REAL-1555,Good,51.169999999999995,0
REAL-1602,Good,55.05,0
REAL-3968,Good,72.82000000000001,1
REAL-3629,Good,88.31,1
REAL-2535,Good,64.3,0
REAL-3457,Good,58.06999999999999,0
REAL-2221,Good,48.85,0
REAL-1162,Delayed,62.73,0
REAL-3909,Good,47.540000000000006,0
REAL-2074,Good,64.02,0
REAL-2338,Good,54.870000000000005,0
REAL-1864,Delayed,47.34,0
REAL-1547,Delayed,46.349999999999994,1
REAL-4177,Good,47.92,0
REAL-1568,Good,69.94,0
REAL-1654,Good,55.9,0
REAL-3496,Good,46.339999999999996,0
REAL-3564,Good,52.230000000000004,0
REAL-3458,Good,71.16,0
REAL-2451,Good,61.53,0
REAL-1927,Good,45.05,0
REAL-3478,Good,77.78,0
REAL-1581,Delayed,60.3,0
REAL-3495,Good,52.019999999999996,0
REAL-3740,Good,58.6,0
REAL-1073,Good,60.709999999999994,0
REAL-1048,Delayed,53.15,1
REAL-2618,Good,56.699999999999996,0
REAL-2889,Good,45.72,1
REAL-3622,Delayed,53.64000000000001,0
REAL-3973,Good,36.54,0
REAL-3429,Good,68.77,0
REAL-3396,Good,61.739999999999995,0
REAL-3505,Delayed,52.580000000000005,0
REAL-2187,Good,69.29,0
REAL-3608,Delayed,61.65,0
REAL-1572,Good,40.21,0
REAL-4075,Good,54.35,0
REAL-4122,Delayed,56.43,0
REAL-1997,Good,61.97,0
REAL-3749,Good,63.99,0
REAL-3542,Good,74.91000000000001,1
REAL-3120,Good,54.989999999999995,0
REAL-4297,Good,62.41000000000001,0
REAL-3335,Delayed,51.69,1
REAL-3233,Good,51.32,0
REAL-3930,Good,45.03,0
REAL-3033,Good,71.99,1
REAL-2995,Good,75.21000000000001,0
REAL-3868,Good,62.17,1
REAL-3155,Good,75.28999999999999,1
REAL-4008,Good,64.49,0
REAL-3402,Delayed,47.06999999999999,1
REAL-2322,Good,42.940000000000005,1
REAL-3590,Delayed,58.95,0
REAL-4056,Good,67.52,0
REAL-1976,Good,45.25,0
REAL-3644,Good,57.879999999999995,0
REAL-3922,Good,54.66,0
REAL-2018,Good,72.03999999999999,1
REAL-4272,Good,79.47999999999999,1
REAL-1794,Good,59.75,0
REAL-4277,Good,49.510000000000005,0
REAL-3316,Good,46.82000000000001,0
REAL-2608,Good,66.13,0
REAL-4261,Good,50.279999999999994,0
REAL-2872,Good,49.13,0
REAL-3536,Good,78.55,1
REAL-3841,Good,39.33,0
REAL-1108,Good,46.27,0
REAL-2791,Good,49.67999999999999,0
REAL-3032,Good,52.64,0
REAL-1318,Delayed,69.81,0
REAL-1059,Good,62.58,0
REAL-2907,Good,62.09,0
REAL-3668,Good,55.449999999999996,0
REAL-3411,Good,57.91,0
REAL-4249,Good,65.81,0
REAL-1678,Good,56.65,0
REAL-4084,Good,56.88,0
REAL-2572,Good,54.34,0
REAL-3112,Delayed,48.269999999999996,1
REAL-3577,Good,58.4,0
REAL-3763,Delayed,50.9,0
REAL-4069,Good,50.440000000000005,0
REAL-2468,Delayed,46.31,0
REAL-1582,Good,48.720000000000006,0
REAL-1817,Good,42.04,0
REAL-2373,Delayed,44.9,1
REAL-1679,Good,74.97,1
REAL-1056,Good,43.21000000000001,0
REAL-2993,Good,69.04,0
REAL-2818,Delayed,52.82,0
REAL-3248,Delayed,70.49000000000001,0
REAL-3899,Good,63.83,0
REAL-1468,Delayed,37.239999999999995,0
REAL-3110,Good,$46.85,0
REAL-2553,Good,65.57,0
REAL-1535,Good,41.95,0
REAL-2866,Good,45.08,1
REAL-4124,Delayed,66.0,0
REAL-2047,Good,56.99,0
REAL-4093,Good,72.71,1
REAL-3334,Delayed,37.87,0
REAL-1874,Delayed,55.69,0
REAL-3706,Good,57.98,0
REAL-1069,Delayed,51.47,1
REAL-4026,Delayed,63.160000000000004,0
REAL-4057,Good,47.63,0
REAL-2938,Good,49.31,0
REAL-1436,Good,67.62,0
REAL-3770,Good,45.78,0
REAL-3127,Delayed,60.69,0
REAL-2423,Good,36.74,0
REAL-1208,Delayed,60.97,0
REAL-2071,Good,63.400000000000006,0
REAL-1565,Delayed,57.48,0
REAL-1313,Good,49.06,0
REAL-1601,Good,49.41,1
REAL-1233,Good,54.37,0
REAL-3890,Good,58.879999999999995,0
REAL-3700,Delayed,72.78,1
REAL-1903,Good,60.25,0
REAL-2461,Good,37.55,0
REAL-1111,Good,60.46,0
REAL-2414,Good,55.370000000000005,0
REAL-3025,Good,50.870000000000005,0
REAL-2510,Good,70.00999999999999,0
REAL-2213,Good,63.28,0
REAL-3808,Good,54.55,0
REAL-1472,Good,31.52,0
REAL-2034,Good,42.42,0
REAL-2801,Good,58.79,0
REAL-4173,Delayed,52.49,0
REAL-4022,Good,$44.60,0
REAL-3426,Good,50.56999999999999,0
REAL-1736,Delayed,49.279999999999994,1
REAL-3114,Delayed,66.69,0
REAL-2044,Delayed,58.11,0
REAL-3459,Delayed,60.879999999999995,0
REAL-1655,Delayed,53.71,1
REAL-2576,Delayed,45.36,0
REAL-1361,Good,47.81,0
REAL-1135,Delayed,47.93,0
REAL-2525,Good,39.43,0
REAL-3412,Good,76.83,1
REAL-2037,Good,44.629999999999995,0
REAL-3512,Good,49.41,0
REAL-1366,Delayed,61.1,0
REAL-3287,Delayed,68.35,0
REAL-1029,Good,46.6,0
REAL-3775,Good,66.14,0
REAL-1022,Good,45.49,0
REAL-4064,Delayed,75.82000000000001,1
REAL-2102,Delayed,48.43,1
REAL-1932,Good,67.19,0
REAL-2106,Delayed,59.29,0
REAL-1695,Good,35.47,0
REAL-2146,Good,54.53,0
REAL-1700,Good,36.05,0
REAL-1420,Good,65.37,0
REAL-1682,Delayed,61.97,0
REAL-2717,Good,50.22999999999999,0
REAL-1460,Good,69.41,0
REAL-1043,Delayed,36.67,0
REAL-1087,Good,62.36,0
REAL-2725,Good,51.949999999999996,0
REAL-3528,Delayed,60.74,0
REAL-2584,Good,51.410000000000004,0
REAL-1561,Good,59.35,0
REAL-1282,Good,56.06,0
REAL-3601,Good,57.58,0
REAL-3012,Good,48.980000000000004,0
REAL-1942,Good,59.78,0
REAL-4162,Good,47.96,0
REAL-3042,Good,70.8,0
REAL-1533,Good,43.47,0
REAL-3936,Good,73.74,1
REAL-3722,Good,43.58,0
REAL-2991,Good,55.26,0
REAL-1965,Good,56.419999999999995,0
REAL-3618,Good,61.00999999999999,0
REAL-3654,Good,63.81,0
REAL-3846,Good,64.47999999999999,0
REAL-3898,Good,40.68,0
REAL-2027,Good,65.67999999999999,1
REAL-4284,Good,50.93000000000001,0
REAL-2048,Good,62.85,0
REAL-3677,Delayed,74.22,1
REAL-4032,Good,34.74,0
REAL-1637,Good,52.14,0
REAL-3181,Good,63.42999999999999,0
REAL-3164,Delayed,$69.50,1
REAL-1812,Good,38.31,0
REAL-4024,Good,39.529999999999994,0
REAL-3440,Good,58.510000000000005,0
REAL-2826,Delayed,56.03,0
REAL-2684,Good,36.0,0
REAL-2173,Good,68.31,0
REAL-1221,Good,54.06999999999999,0
REAL-1543,Delayed,66.89,0
REAL-2499,Delayed,50.78000000000001,0
REAL-3384,Good,69.7,0
REAL-1685,Good,31.54,0
REAL-2456,Good,40.69,0
REAL-3953,Delayed,60.21,0
REAL-4276,Good,61.42,0
REAL-2288,Good,65.41,0
REAL-2729,Good,38.43,0
REAL-1789,Delayed,45.39,0
REAL-3940,Good,43.43000000000001,0
REAL-2674,Good,70.58,1
REAL-1809,Good,61.21,0
REAL-3627,Good,61.91,0
REAL-4155,Good,$44.36,0
REAL-3003,Good,54.69,0
REAL-1272,Delayed,65.72,0
REAL-4125,Delayed,52.260000000000005,1
REAL-1521,Delayed,36.96,1
REAL-1522,Delayed,71.18,0
REAL-3227,Good,69.21,0
REAL-1802,Good,70.7,0
REAL-2151,Good,54.980000000000004,0
REAL-1350,Delayed,58.78,0
REAL-2134,Good,62.11,0
REAL-2271,Good,74.98,0
REAL-2302,Good,71.66000000000001,1
REAL-4298,Good,40.12,0
REAL-3430,Good,51.82,0
REAL-3573,Good,75.93,1
REAL-1651,Good,61.790000000000006,0
REAL-4191,Good,60.709999999999994,1
REAL-2149,Good,41.26,0
REAL-4170,Good,50.48,0
REAL-4287,Delayed,53.71000000000001,1
REAL-4089,Delayed,44.589999999999996,0
REAL-3222,Good,55.6,0
REAL-3634,Good,47.41,0
REAL-2206,Good,48.42000000000001,0
REAL-3687,Good,70.48,1
REAL-1168,Good,50.120000000000005,0
REAL-3779,Good,61.57999999999999,0
REAL-2927,Delayed,46.41,0
REAL-2017,Good,$58.72,0
REAL-1803,Good,70.07,0
REAL-2897,Good,66.87,0
REAL-2011,Good,57.71000000000001,0
REAL-2822,Good,49.93,0
REAL-2740,Good,53.910000000000004,0
REAL-4257,Good,53.39,0
REAL-2586,Good,36.96,0
REAL-4068,Good,51.84,0
REAL-3484,Good,56.42,0
REAL-1219,Good,55.76,0
REAL-1367,Good,46.31,0
REAL-4103,Good,66.69,0
REAL-1549,Delayed,66.64,0
REAL-3531,Good,$47.99,0
REAL-3378,Delayed,55.34,0
REAL-2624,Good,63.050000000000004,0
REAL-1351,Delayed,68.02000000000001,0
REAL-3281,Good,65.1,0
REAL-1772,Good,59.45,0
REAL-2411,Good,52.230000000000004,0
REAL-3123,Good,40.099999999999994,0
REAL-1490,Good,69.57,0
REAL-3986,Good,53.91,0
REAL-3632,Good,52.099999999999994,0
REAL-1498,Delayed,52.82000000000001,1
REAL-3022,Good,45.040000000000006,0
REAL-1210,Good,62.69,0
REAL-2352,Good,42.699999999999996,0
REAL-2181,Good,66.65,0
REAL-1650,Good,66.53999999999999,0
REAL-1227,Good,51.209999999999994,0
REAL-1365,Good,89.47,1
REAL-2967,Delayed,50.7,0
REAL-4265,Delayed,76.22,1
REAL-1276,Good,64.04,0
REAL-4186,Delayed,53.879999999999995,0
REAL-1964,Good,58.77,0
REAL-1905,Delayed,47.87,1
REAL-2517,Good,60.96,0
REAL-4295,Good,58.949999999999996,0
REAL-1407,Delayed,51.3,1
REAL-3550,Good,56.94,0
REAL-2511,Good,67.22,0
REAL-3593,Good,50.63999999999999,0
REAL-2029,Good,64.16,0
REAL-3236,Good,65.76,0
REAL-3669,Good,46.97,0
REAL-2885,Good,67.36,0
REAL-1844,Good,53.55,0
REAL-1007,Good,44.980000000000004,0
REAL-3176,Good,56.23,0
REAL-2503,Good,64.72,0
REAL-2080,Good,57.36,0
REAL-1415,Good,75.53,1
REAL-2178,Delayed,53.449999999999996,0
REAL-2022,Good,50.06,0
REAL-4128,Delayed,53.78,0
REAL-2735,Good,45.81,0
REAL-4105,Good,69.06,0
REAL-3650,Good,$49.28,0
REAL-1199,Good,40.22,0
REAL-2200,Good,66.73,0
REAL-2132,Good,39.33,0
REAL-1801,Good,67.14999999999999,0
REAL-4061,Good,66.34,0
REAL-2356,Good,50.769999999999996,0
REAL-1283,Good,72.99000000000001,0
REAL-2236,Good,52.42,0
REAL-1231,Good,67.48,0
REAL-3728,Good,56.910000000000004,0
REAL-1944,Delayed,53.44,1
REAL-3715,Good,77.97,0
REAL-1096,Good,53.17999999999999,0
REAL-3764,Good,74.97,0
REAL-4312,Good,63.16,0
REAL-4158,Delayed,59.35,0
REAL-4161,Good,66.03,0
REAL-3466,Good,41.68,0
REAL-4040,Good,54.75,0
REAL-4179,Good,57.61,0
REAL-3873,Good,48.379999999999995,0
REAL-4196,Good,54.86,0
REAL-2710,Good,60.59,0
REAL-1104,Good,54.94,0
REAL-3480,Delayed,61.75,0
REAL-4214,Delayed,56.22,0
REAL-1912,Good,44.74000000000001,0
REAL-3320,Good,47.89,0
REAL-4223,Good,55.84,0
REAL-4071,Good,49.81,0
REAL-1435,Good,58.37,0
REAL-3723,Good,41.059999999999995,0
REAL-1744,Good,62.269999999999996,0
REAL-1226,Delayed,65.94,0
REAL-2242,Delayed,69.67999999999999,0
REAL-2067,Good,57.47,0
REAL-4180,Good,41.65,0
REAL-3554,Good,50.74,0
REAL-3587,Delayed,64.00999999999999,0
REAL-2962,Delayed,50.260000000000005,0
REAL-2309,Good,55.019999999999996,0
REAL-2709,Delayed,63.05,0
REAL-2533,Good,71.73,1
REAL-2713,Delayed,47.44,1
REAL-1962,Delayed,58.71,0
REAL-2475,Delayed,32.41,0
REAL-2340,Good,56.58,0
REAL-2042,Good,42.32,0
REAL-3046,Good,53.019999999999996,0
REAL-2593,Good,81.73,1
REAL-4221,Good,55.69,0
REAL-2979,Good,61.89,0
REAL-1464,Good,63.879999999999995,0
REAL-2053,Good,54.769999999999996,0
REAL-3980,Delayed,70.89,1
REAL-3685,Delayed,55.949999999999996,0
REAL-2587,Good,60.0,0
REAL-3538,Good,48.730000000000004,0
REAL-1945,Good,53.45,0
REAL-3315,Good,51.260000000000005,0
REAL-3097,Good,51.53999999999999,0
REAL-1212,Good,52.669999999999995,0
REAL-1012,Good,37.17,0
REAL-4226,Good,73.28,1
REAL-1900,Good,45.47,0
REAL-1422,Good,67.58999999999999,0
REAL-1887,Good,61.660000000000004,0
REAL-2765,Delayed,47.089999999999996,1
REAL-3965,Good,47.11,0
REAL-2225,Good,34.099999999999994,0
REAL-3656,Good,68.22,0
REAL-2623,Good,54.35,0
REAL-1741,Good,35.29,0
REAL-3933,Good,59.48,0
REAL-3592,Delayed,58.84,0
REAL-2809,Good,57.42999999999999,0
REAL-2258,Good,65.15,0
REAL-2861,Good,46.91,1
REAL-2985,Good,47.720000000000006,0
REAL-1509,Delayed,53.64,1
REAL-1644,Good,63.3,0
REAL-1597,Good,46.58,0
REAL-3867,Good,64.10000000000001,0
REAL-2289,Good,48.59,0
REAL-3390,Good,59.22,0
REAL-2036,Delayed,49.629999999999995,0
REAL-3937,Good,41.68,0
REAL-1518,Good,55.32,0
REAL-2659,Good,53.519999999999996,0
REAL-1767,Good,62.28,0
REAL-1573,Delayed,67.5,0
REAL-4253,Good,50.72,0
REAL-4027,Delayed,70.88,0
REAL-2862,Good,72.75,1
REAL-3223,Delayed,54.419999999999995,0
REAL-3609,Good,68.01,0
REAL-2421,Good,72.88,0
REAL-2770,Good,57.04,0
REAL-1123,Good,45.379999999999995,0
REAL-2459,Good,59.21,0
REAL-3091,Good,57.470000000000006,0
REAL-1220,Delayed,53.730000000000004,0
REAL-1819,Good,52.660000000000004,0
REAL-4231,Good,59.800000000000004,0
REAL-1358,Good,48.53,0
REAL-1100,Delayed,56.050000000000004,0
REAL-3934,Good,47.21,1
REAL-1551,Good,60.480000000000004,0
REAL-3589,Good,53.05,0
REAL-3772,Delayed,49.19,1
REAL-1259,Good,53.99999999999999,0
REAL-4080,Good,48.49,0
REAL-3548,Good,54.5,0
REAL-3916,Good,41.239999999999995,0
REAL-3655,Good,58.71999999999999,0
REAL-2159,Good,45.709999999999994,0
REAL-3016,Delayed,64.51,0
REAL-2362,Delayed,35.51,0
REAL-3670,Good,58.47,0
REAL-3210,Good,75.06,1
REAL-2846,Good,52.379999999999995,0
REAL-3071,Good,68.61,0
REAL-4018,Good,48.760000000000005,0
REAL-4269,Good,62.269999999999996,0
REAL-3584,Delayed,62.900000000000006,0
REAL-3561,Good,49.33,0
REAL-1456,Good,42.09,0
REAL-1462,Good,36.660000000000004,0
REAL-3474,Good,54.1,0
REAL-1926,Good,52.64999999999999,0
REAL-2055,Good,48.92,0
REAL-3177,Good,58.26,0
REAL-3407,Good,61.260000000000005,1
REAL-1381,Good,49.78,0
REAL-4108,Good,42.519999999999996,0
REAL-3328,Good,47.18,0
REAL-3031,Delayed,53.88,0
REAL-1929,Good,63.10999999999999,0
REAL-2270,Good,60.730000000000004,0
REAL-2743,Good,72.19,0
REAL-2010,Good,71.28,0
REAL-3855,Good,56.56999999999999,0
REAL-2730,Good,51.19,0
REAL-1662,Good,67.75999999999999,0
REAL-4021,Good,41.5,0
REAL-2726,Good,49.61,0
REAL-3807,Good,55.88,0
REAL-3620,Good,63.41,0
REAL-3543,Good,69.57,0
REAL-2651,Good,53.78,1
REAL-1845,Good,73.41,0
REAL-1542,Delayed,73.85,1
REAL-2563,Good,55.959999999999994,0
REAL-3131,Good,51.97,0
REAL-2992,Good,58.44,0
REAL-3244,Good,67.78,0
REAL-2232,Good,65.23,1
REAL-2545,Good,57.32,0
REAL-2283,Good,38.589999999999996,0
REAL-3453,Good,61.87,0
REAL-3371,Good,61.94,0
REAL-2609,Good,61.620000000000005,0
REAL-2613,Delayed,60.669999999999995,0
REAL-3877,Good,54.86,0
REAL-1237,Delayed,38.39,0
REAL-2763,Good,59.28,0
REAL-2264,Good,46.12,0
REAL-3179,Good,36.57,0
REAL-3284,Good,50.16,0
REAL-1163,Good,38.97,0
REAL-2842,Good,74.44,1
REAL-1252,Delayed,62.74999999999999,0
REAL-3290,Delayed,72.98,1
REAL-2937,Good,54.82,0
REAL-1930,Good,54.61,0
REAL-2419,Good,38.14,0
REAL-2188,Good,51.77,0
REAL-2455,Good,58.49,0
REAL-2407,Delayed,46.089999999999996,1
REAL-3719,Good,58.550000000000004,0
REAL-2691,Good,73.66,1
REAL-2921,Delayed,40.660000000000004,0
REAL-3662,Good,50.42,1
REAL-3009,Good,45.89,0
REAL-1677,Good,62.29,0
REAL-1041,Good,52.26,1
REAL-3955,Good,45.0,0
REAL-2261,Delayed,53.98,0
REAL-2360,Good,37.75,0
REAL-1243,Delayed,62.03,0
REAL-2127,Good,57.98,0
REAL-2825,Delayed,61.870000000000005,0
REAL-2097,Good,77.86999999999999,0
REAL-1261,Good,45.11,0
REAL-2117,Good,58.9,0
REAL-1834,Delayed,33.0,0
REAL-3575,Good,48.91,1
REAL-3645,Good,64.45,1
REAL-2764,Good,74.05,1
REAL-2662,Delayed,48.37,1
REAL-1340,Good,63.04,1
REAL-2313,Good,57.910000000000004,0
REAL-1748,Good,65.96000000000001,0
REAL-2501,Good,63.830000000000005,0
REAL-1480,Good,57.459999999999994,0
REAL-2980,Delayed,56.370000000000005,0
REAL-2675,Good,53.099999999999994,0
REAL-4033,Good,55.24,0
REAL-1783,Delayed,37.769999999999996,0
REAL-3861,Delayed,66.00999999999999,0
REAL-3383,Good,49.72,0
REAL-3678,Good,68.9,0
REAL-2506,Good,68.35,0
REAL-3787,Good,42.230000000000004,0
REAL-2133,Delayed,48.92,1
REAL-4017,Delayed,70.7,0
REAL-3360,Good,62.019999999999996,0
REAL-2412,Good,52.400000000000006,0
REAL-2404,Delayed,40.47,0
REAL-1626,Good,62.41,1
REAL-1347,Good,59.089999999999996,0
REAL-3534,Good,45.56,0
REAL-2670,Good,48.33,0
REAL-1979,Good,46.24000000000001,0
REAL-3874,Good,80.67,1
REAL-2361,Good,66.12,0
REAL-1911,Delayed,81.81,1
REAL-3084,Good,54.339999999999996,0
REAL-1632,Delayed,46.77,0
REAL-3044,Good,55.129999999999995,0
REAL-1445,Good,41.349999999999994,0
REAL-1617,Delayed,55.629999999999995,0
REAL-3704,Good,45.730000000000004,0
REAL-3431,Good,54.400000000000006,0
REAL-2602,Delayed,67.35000000000001,0
REAL-2406,Good,54.879999999999995,0
REAL-3834,Good,55.440000000000005,0
REAL-2171,Good,48.17,0
REAL-2554,Good,61.65,0
REAL-1353,Good,57.47,0
REAL-1613,Good,64.59,1
REAL-3347,Good,57.01,1
REAL-2867,Good,55.46,0
REAL-3111,Good,43.25,0
REAL-1057,Delayed,48.279999999999994,1
REAL-2424,Good,51.89000000000001,0
REAL-2677,Good,56.5,0
REAL-3441,Good,52.55,0
REAL-3784,Delayed,71.74,1
REAL-3092,Good,$58.58,0
REAL-3658,Good,64.35000000000001,0
REAL-3018,Good,58.67,0
REAL-2814,Good,57.25,0
REAL-2653,Good,48.02,1
REAL-4131,Delayed,56.5,0
REAL-1560,Good,58.480000000000004,0
REAL-1707,Delayed,58.84,0
REAL-2444,Delayed,62.62,0
REAL-1424,Good,57.74,0
REAL-2093,Good,41.97,0
REAL-1647,Good,50.49,0
REAL-1072,Delayed,62.68,0
REAL-2477,Good,62.74999999999999,0
REAL-2723,Good,59.81999999999999,0
REAL-2351,Good,39.37,0
REAL-2005,Good,56.64,0
REAL-1620,Good,61.08,0
REAL-3364,Good,57.65,0
REAL-1553,Good,34.8,0
REAL-3420,Good,49.42,1
REAL-3960,Delayed,49.28,1
REAL-2737,Good,51.4,0
REAL-1998,Good,58.17,0
REAL-3013,Good,56.89999999999999,0
REAL-2446,Good,41.9,0
REAL-4049,Delayed,49.1,0
REAL-4315,Good,43.0,0
REAL-2833,Good,67.11,0
REAL-1440,Good,70.63,0
REAL-1508,Good,61.160000000000004,0
REAL-2100,Good,66.91000000000001,0
REAL-1589,Good,37.769999999999996,0
REAL-2378,Good,56.129999999999995,0
REAL-1649,Delayed,73.94,1
REAL-2837,Good,42.71000000000001,1
REAL-2859,Good,61.35,0
REAL-3576,Good,62.75000000000001,0
REAL-3582,Good,$59.10,0
REAL-1660,Good,79.81,1
REAL-1630,Good,57.78,0
REAL-3417,Good,39.160000000000004,0
REAL-3709,Good,29.7,0
REAL-1482,Good,52.809999999999995,0
REAL-3002,Delayed,57.10999999999999,0
REAL-3847,Good,57.61,0
REAL-2357,Delayed,51.59,0
REAL-3322,Delayed,73.92,0
REAL-3439,Good,53.150000000000006,0
REAL-4168,Good,75.13,1
REAL-1856,Good,51.15,0
REAL-2628,Good,37.25,0
REAL-1530,Good,55.5,0
REAL-3232,Good,41.519999999999996,0
REAL-1049,Good,44.28,0
REAL-1858,Good,57.230000000000004,0
REAL-2263,Good,55.040000000000006,1
REAL-2072,Good,52.38,0
REAL-1719,Good,60.42,0
REAL-2462,Good,55.34,0
REAL-4074,Good,34.980000000000004,0
REAL-3742,Good,66.41,0
REAL-2614,Good,73.25,1
REAL-3757,Good,67.38,0
REAL-3918,Delayed,60.449999999999996,0
REAL-3442,Delayed,65.46000000000001,0
REAL-3483,Good,63.41,0
REAL-2600,Good,57.78,0
REAL-3293,Good,64.71000000000001,0
REAL-2543,Good,56.81,0
REAL-2235,Delayed,55.57999999999999,0
REAL-2251,Delayed,54.209999999999994,0
REAL-3382,Good,44.22,0
REAL-2195,Good,60.97,0
REAL-4011,Good,57.669999999999995,0
REAL-3921,Good,46.050000000000004,0
REAL-2840,Good,57.5,0
REAL-1297,Good,53.28,0
REAL-2480,Good,40.51,0
REAL-2582,Good,48.019999999999996,0
REAL-1958,Delayed,63.89,0
REAL-2966,Good,55.06,0
REAL-2502,Delayed,63.080000000000005,0
REAL-2350,Good,78.58,1
REAL-3614,Good,78.55,1
REAL-1349,Delayed,38.11,1
REAL-2746,Good,59.410000000000004,1
REAL-1643,Good,69.67,0
REAL-4004,Good,55.07,0
REAL-2431,Good,62.980000000000004,0
REAL-1669,Good,59.31,0
REAL-3987,Delayed,37.55,1
REAL-3941,Delayed,71.35,0
REAL-2278,Good,72.55,1
REAL-2179,Good,63.730000000000004,0
REAL-3498,Good,45.08,0
REAL-2295,Good,56.27,0
REAL-3637,Delayed,60.15,0
REAL-2732,Delayed,52.72,0
REAL-2952,Good,57.339999999999996,0
REAL-1786,Good,61.22,0
REAL-3992,Good,42.56,0
REAL-1140,Good,57.449999999999996,0
REAL-1788,Good,52.56,0
REAL-2924,Good,60.33,0
REAL-3259,Delayed,74.57000000000001,0
REAL-1714,Good,55.74,0
REAL-3090,Good,64.28,0
REAL-2916,Good,52.02,0
REAL-2820,Good,45.7,0
REAL-2457,Good,44.43,0
REAL-4048,Good,53.85,0
REAL-2334,Good,77.6,1
REAL-1618,Good,52.79,0
REAL-1406,Good,45.27,0
REAL-2442,Good,60.09,1
REAL-2427,Good,63.91,0
REAL-3184,Good,62.19,0
REAL-3711,Good,62.95,0
REAL-2983,Delayed,53.669999999999995,0
REAL-1497,Good,62.73,0
REAL-1342,Good,61.7,0
REAL-3162,Good,69.95,0
REAL-3522,Good,48.58,0
REAL-1782,Good,66.16,0
REAL-3741,Good,66.0,0
REAL-1303,Good,62.57,0
REAL-3725,Good,49.51,0
REAL-4110,Good,60.72,0
REAL-1664,Good,59.9,0
REAL-2177,Delayed,47.56,0
REAL-2244,Good,66.85,0
REAL-3019,Good,55.72,0
REAL-2812,Good,71.60000000000001,0
REAL-3126,Good,68.81,0
REAL-3242,Good,60.13,0
REAL-1084,Good,65.59,1
REAL-3463,Good,55.9,0
REAL-1941,Good,60.88,0
REAL-1961,Good,71.01,0
REAL-1841,Delayed,60.65,0
REAL-4102,Delayed,49.55,0
REAL-4216,Good,59.0,0
REAL-4164,Good,66.05,0
REAL-2577,Good,55.559999999999995,0
REAL-1290,Good,71.32000000000001,0
REAL-3130,Good,69.76,0
REAL-2399,Delayed,56.839999999999996,0
REAL-1604,Good,55.66,0
REAL-4107,Good,60.07,0
REAL-1916,Good,51.68,0
REAL-2546,Good,45.620000000000005,0
REAL-3029,Good,50.64,1
REAL-2099,Delayed,67.86000000000001,0
REAL-2088,Good,47.15,0
REAL-3337,Delayed,66.14,0
REAL-2606,Good,68.43,0
REAL-1821,Good,30.25,0
REAL-3739,Good,51.33,0
REAL-2000,Good,71.83,1
REAL-2671,Good,59.5,0
REAL-1018,Good,57.800000000000004,0
REAL-1493,Good,55.87,0
REAL-2125,Good,44.96,0
REAL-2507,Good,58.72,0
REAL-3624,Good,63.24,1
REAL-3318,Good,59.849999999999994,0
REAL-3144,Good,42.879999999999995,0
REAL-3375,Good,38.620000000000005,0
REAL-2779,Good,59.38,0
REAL-3015,Good,63.64,0
REAL-2847,Good,48.150000000000006,0
REAL-3915,Delayed,64.02,0
REAL-3245,Good,56.17,0
REAL-2697,Good,55.95,0
REAL-2009,Delayed,52.67,0
REAL-3682,Good,32.879999999999995,0
REAL-1360,Good,78.49,1
REAL-3839,Good,77.24,1
REAL-3138,Delayed,61.08,0
REAL-2310,Good,37.57,1
REAL-2498,Good,61.089999999999996,0
REAL-2977,Good,65.74,1
REAL-2556,Good,63.03,0
REAL-2950,Delayed,45.61,1
REAL-1344,Good,40.84,0
REAL-1986,Good,40.49,0
REAL-3346,Good,50.36,0
REAL-1743,Good,57.03,0
REAL-4098,Good,54.28,0
REAL-2760,Good,66.35,0
REAL-1113,Good,50.199999999999996,0
REAL-3404,Good,57.52,0
REAL-2241,Delayed,60.02,0
REAL-2142,Delayed,45.15,1
REAL-2965,Good,64.21,1
REAL-2216,Delayed,46.629999999999995,0
REAL-2198,Good,44.3,0
REAL-1085,Good,64.22,0
REAL-3493,Delayed,42.33,1
REAL-1668,Good,64.64999999999999,0
REAL-2014,Good,40.17,0
REAL-1128,Good,39.93,0
REAL-3636,Good,54.77,0
REAL-3258,Good,73.1,1
REAL-1891,Good,41.66,0
REAL-3149,Good,71.41,0
REAL-1307,Delayed,74.68,1
REAL-1383,Good,70.9,0
REAL-1150,Good,59.52,0
REAL-2317,Good,68.35,0
REAL-4138,Good,46.04,0
REAL-3533,Good,64.45,1
REAL-1426,Good,38.56,0
REAL-1494,Good,67.53,0
REAL-2207,Good,49.400000000000006,0
REAL-2739,Good,78.78999999999999,1
REAL-2951,Good,43.93000000000001,0
REAL-2208,Delayed,59.26,0
REAL-3547,Good,53.63000000000001,0
REAL-3697,Good,62.34,0
REAL-3446,Good,51.53,0
REAL-2381,Good,57.24999999999999,0
REAL-2239,Good,52.4,0
REAL-2615,Good,57.44,0
REAL-2616,Good,57.57,0
REAL-1275,Delayed,62.85,0
REAL-1489,Good,53.54,0
REAL-4201,Good,62.88,0
REAL-2229,Good,45.79,0
REAL-1690,Good,59.59,0
REAL-2637,Good,67.44,0
REAL-2972,Good,53.449999999999996,0
REAL-3501,Good,51.769999999999996,0
REAL-3597,Good,63.52,0
REAL-4197,Good,69.94,0
REAL-3314,Delayed,64.12,0
REAL-2058,Good,55.709999999999994,0
REAL-1118,Good,40.71,0
REAL-2024,Good,54.59,0
REAL-2666,Good,62.019999999999996,0
REAL-1281,Good,60.36,0
REAL-3014,Delayed,54.24,0
REAL-2316,Good,58.660000000000004,0
REAL-3594,Good,85.78,1
REAL-1968,Good,58.239999999999995,1
REAL-2432,Good,51.91,0
REAL-2472,Good,76.30000000000001,1
REAL-3947,Good,76.99,1
REAL-3357,Good,$58.49,1
REAL-1155,Good,67.17999999999999,0
REAL-1304,Good,46.830000000000005,0
REAL-3166,Good,61.2,0
REAL-3833,Good,65.56,0
REAL-4028,Good,57.0,0
REAL-2880,Delayed,51.76,1
REAL-3893,Good,60.17,0
REAL-2307,Delayed,56.02,0
REAL-4086,Delayed,60.370000000000005,0
REAL-1575,Good,77.97000000000001,0
REAL-3178,Good,45.760000000000005,0
REAL-3857,Good,64.77000000000001,0
REAL-3914,Delayed,57.239999999999995,0
REAL-2299,Good,72.16000000000001,1
REAL-2767,Good,50.55,0
REAL-4147,Delayed,62.43000000000001,0
REAL-4219,Good,61.63999999999999,0
REAL-2474,Good,43.730000000000004,0
REAL-1843,Good,56.74,0
REAL-2566,Good,66.44,0
REAL-1269,Good,50.43,0
REAL-1629,Good,79.67,1
REAL-2033,Good,59.64,0
REAL-1286,Good,54.720000000000006,0
REAL-2326,Good,65.48,0
REAL-3461,Good,61.16,0
REAL-1300,Good,47.36,0
REAL-2689,Good,43.620000000000005,0
REAL-3367,Delayed,68.97,0
REAL-3063,Good,41.69,0
REAL-4326,Good,50.379999999999995,0
REAL-1065,Good,49.220000000000006,0
REAL-3470,Delayed,62.19,0
REAL-1890,Good,58.26,0
REAL-3344,Good,59.82000000000001,0
REAL-3895,Good,46.46,0
REAL-3099,Delayed,82.79999999999998,1
REAL-3481,Good,58.53,0
REAL-1230,Good,73.82999999999998,1
REAL-1503,Good,61.92,0
REAL-3381,Good,55.59,0
REAL-2744,Good,73.46000000000001,0
REAL-2800,Good,68.96000000000001,0
REAL-2532,Good,47.73,1
REAL-2004,Good,53.199999999999996,0
REAL-1836,Good,62.53,0
REAL-2922,Delayed,62.92,0
REAL-1374,Good,60.830000000000005,0
REAL-2558,Good,49.269999999999996,0
REAL-3350,Good,40.97,0
REAL-3467,Good,56.33,0
REAL-1939,Good,44.26,0
REAL-2321,Good,60.010000000000005,0
REAL-3372,Good,54.7,0
REAL-1751,Good,47.31,0
REAL-1099,Good,72.67,1
REAL-3818,Good,50.25,0
REAL-1866,Good,66.81,0
REAL-1910,Good,51.53,0
REAL-2650,Good,69.43999999999998,0
REAL-1529,Good,49.53,0
REAL-2260,Delayed,42.6,0
REAL-3104,Good,43.080000000000005,0
REAL-1636,Good,50.0,0
REAL-2269,Delayed,46.27,1
REAL-1185,Good,70.1,0
REAL-3095,Good,63.16,0
REAL-3295,Good,44.51,0
REAL-2748,Good,63.96,0
REAL-1931,Good,38.78,0
REAL-2441,Good,73.61999999999999,0
REAL-2721,Good,59.949999999999996,0
REAL-3552,Good,65.61,0
REAL-2738,Good,63.8,0
REAL-3663,Good,62.2,0
REAL-2273,Delayed,43.150000000000006,1
REAL-3303,Good,29.759999999999998,0
REAL-1607,Good,45.08,0
REAL-2681,Good,54.28,0
REAL-1151,Good,48.51,0
REAL-2601,Good,78.36,1
REAL-4058,Delayed,58.38000000000001,0
REAL-2655,Delayed,52.01,0
REAL-4320,Delayed,45.89,1
REAL-1731,Good,70.25999999999999,0
REAL-3365,Good,67.11,0
REAL-3425,Good,43.12,0
REAL-4031,Delayed,48.29,0
REAL-1023,Good,38.97,0
REAL-3800,Good,68.09,1
REAL-1158,Good,61.07,0
REAL-1861,Good,51.529999999999994,0
REAL-2831,Delayed,60.63999999999999,0
REAL-1902,Delayed,56.29,0
REAL-2784,Good,55.55,1
REAL-2230,Good,67.03999999999999,0
REAL-3509,Good,32.400000000000006,0
REAL-1444,Good,60.49,0
REAL-4263,Good,48.650000000000006,0
REAL-1754,Good,57.46,0
REAL-1923,Good,44.019999999999996,0
REAL-4300,Good,48.519999999999996,0
REAL-3342,Good,54.77,0
REAL-1311,Good,65.08,0
REAL-2375,Good,67.44,0
REAL-1548,Good,49.44,0
REAL-3221,Good,56.78,0
REAL-2813,Good,54.209999999999994,0
REAL-1306,Good,78.7,1
REAL-1287,Good,65.84,0
REAL-1694,Delayed,57.54,0
REAL-1308,Good,57.48,0
REAL-3578,Good,57.36,0
REAL-3118,Good,55.14,1
REAL-1749,Good,51.300000000000004,0
REAL-2788,Good,53.980000000000004,0
REAL-4050,Delayed,52.8,1
REAL-3760,Good,67.21,1
REAL-2580,Good,76.44000000000001,0
REAL-1908,Delayed,56.36,0
REAL-1086,Delayed,48.55,1
REAL-3642,Good,47.79,0
REAL-3526,Good,40.980000000000004,1
REAL-4239,Good,50.94,0
REAL-1970,Good,58.99,0
REAL-1013,Delayed,56.32,0
REAL-1873,Good,62.260000000000005,0
REAL-1808,Good,51.669999999999995,0
REAL-4034,Good,61.53,0
REAL-1514,Good,68.4,1
REAL-3676,Good,66.25,0
REAL-1409,Good,56.209999999999994,0
REAL-2703,Good,55.46,0
REAL-2337,Good,64.52,1
REAL-2413,Good,57.45,0
REAL-3515,Delayed,47.43,1
REAL-2954,Good,72.82,1
REAL-4258,Good,62.91,0
REAL-3699,Good,42.32,0
REAL-3964,Delayed,72.34,1
REAL-1382,Good,53.510000000000005,0
REAL-2960,Good,36.86,0
REAL-4279,Good,64.83,0
REAL-4286,Good,63.440000000000005,0
REAL-2660,Delayed,64.01,0
REAL-3053,Good,69.39,0
REAL-3172,Good,61.25000000000001,0
REAL-2694,Delayed,49.65,1
REAL-2393,Good,68.77,0
REAL-1552,Delayed,79.57,1
REAL-3283,Delayed,54.120000000000005,1
REAL-1222,Good,56.25,0
REAL-3250,Good,66.67999999999999,0
REAL-2096,Good,49.120000000000005,0
REAL-3886,Good,55.379999999999995,0
REAL-1008,Good,70.97,0
REAL-3732,Delayed,73.36,1
REAL-1316,Good,50.769999999999996,0
REAL-2328,Good,61.449999999999996,0
REAL-1427,Good,46.0,0
REAL-2667,Good,53.29,0
REAL-1105,Delayed,64.94,0
REAL-3211,Delayed,63.98,0
REAL-1142,Delayed,54.3,0
REAL-1121,Good,54.800000000000004,0
REAL-3633,Good,60.7,0
REAL-4181,Delayed,59.53,0
REAL-2189,Good,51.29,0
REAL-3196,Good,62.339999999999996,0
REAL-4282,Delayed,69.32,0
REAL-4206,Good,49.83,0
REAL-1115,Good,61.35,1
REAL-4042,Good,59.03,0
REAL-2578,Good,50.22,0
REAL-3721,Good,68.54,0
REAL-4109,Good,51.43,0
REAL-4275,Good,46.690000000000005,0
REAL-2987,Good,47.57,0
REAL-3452,Good,51.24,0
REAL-1672,Good,49.28,0
REAL-3080,Good,70.22,0
REAL-3024,Good,51.809999999999995,0
REAL-2886,Delayed,43.59,0
REAL-1591,Good,47.26,0
REAL-2909,Good,67.6,0
REAL-2745,Good,61.34,0
REAL-1888,Good,61.8,0
REAL-3113,Good,81.93,1
REAL-2706,Good,68.75999999999999,0
REAL-3170,Good,60.82,0
REAL-1213,Good,49.209999999999994,0
REAL-1778,Delayed,57.61,0
REAL-3671,Good,49.99,0
REAL-2448,Delayed,63.31,0
REAL-3059,Delayed,73.82,1
REAL-1800,Good,71.27000000000001,0
REAL-3752,Delayed,49.93000000000001,0
REAL-3602,Good,47.61,1
REAL-4289,Good,46.28,0
REAL-2567,Good,46.449999999999996,0
REAL-3717,Good,50.53,0
REAL-3958,Delayed,51.73,1
REAL-2518,Good,50.129999999999995,0
REAL-2882,Good,62.260000000000005,0
REAL-4012,Good,44.09,0
REAL-2343,Good,57.87,0
REAL-1273,Delayed,61.84,0
REAL-1071,Good,65.69,0
REAL-1720,Good,54.94,0
REAL-2087,Good,66.55,0
REAL-1394,Good,63.99000000000001,1
REAL-1583,Good,56.019999999999996,0
REAL-3307,Delayed,72.16,0
REAL-3241,Good,28.86,0
REAL-3247,Good,59.69,0
REAL-1500,Delayed,46.43,0
REAL-3260,Good,76.62,0
REAL-3473,Good,57.76,0
REAL-4309,Delayed,67.97,0
REAL-4044,Good,54.37,0
REAL-2829,Good,60.64,0
REAL-2259,Good,53.519999999999996,0
REAL-2999,Good,37.75,0
REAL-3103,Good,77.44999999999999,1
REAL-1205,Good,44.54,0
REAL-1733,Good,59.82,0
REAL-3942,Good,77.82000000000001,1
REAL-1526,Good,62.8,0
REAL-3621,Delayed,59.77,0
REAL-3477,Good,63.209999999999994,0
REAL-1898,Good,53.52,0
REAL-1377,Good,63.370000000000005,0
REAL-2559,Good,65.6,0
REAL-3096,Good,54.580000000000005,0
REAL-3978,Good,$64.93,0
REAL-3050,Good,57.5,0
REAL-1386,Delayed,62.690000000000005,0
REAL-1198,Delayed,78.24999999999999,1
REAL-4259,Good,46.879999999999995,0
REAL-2050,Good,39.75,0
REAL-1590,Good,69.84,0
REAL-1519,Delayed,52.67,0
REAL-3249,Delayed,38.03,0
REAL-3269,Good,34.97,0
REAL-1429,Good,53.18,0
REAL-2083,Delayed,61.54,0
REAL-3380,Delayed,60.37,1
REAL-2657,Good,45.61000000000001,0
REAL-1207,Delayed,58.97,0
REAL-1491,Good,$63.56,1
REAL-3392,Good,54.93,0
REAL-2749,Delayed,49.52,0
REAL-4235,Delayed,49.87,0
REAL-1792,Good,75.13999999999999,1
REAL-3766,Good,55.24,0
REAL-2186,Good,52.36,0
REAL-2185,Delayed,63.989999999999995,0
REAL-4145,Delayed,58.19,0
REAL-3912,Good,50.25,0
REAL-3843,Good,36.92,0
REAL-4015,Good,52.49,0
REAL-2530,Good,75.0,1
REAL-2410,Good,57.31,0
REAL-2476,Good,59.6,0
REAL-1083,Good,74.51,0
REAL-3631,Good,54.96,0
REAL-3476,Good,50.099999999999994,0
REAL-1020,Good,56.14,0
REAL-2718,Good,71.84,1
REAL-2627,Good,53.71,0
REAL-3753,Good,24.29,0
REAL-3615,Good,54.33,0
REAL-2405,Delayed,42.32,1
REAL-3712,Good,54.669999999999995,0
REAL-2562,Good,52.81,0
REAL-4321,Delayed,49.64,0
REAL-3991,Good,47.0,0
REAL-3216,Good,64.67,0
REAL-1973,Good,45.68,0
REAL-4101,Good,48.36,0
REAL-1883,Good,48.650000000000006,0
REAL-2098,Good,56.63,0
REAL-1156,Good,83.62,1
REAL-4166,Good,72.22999999999999,1
REAL-1886,Good,43.199999999999996,0
REAL-4330,Good,63.93,0
REAL-3906,Good,55.32,0
REAL-2512,Good,55.660000000000004,0
REAL-3750,Good,45.97,0
REAL-2864,Good,64.57000000000001,0
REAL-3813,Delayed,45.73,0
REAL-3154,Good,67.38000000000001,0
REAL-2832,Good,57.480000000000004,0
REAL-2453,Good,60.11,0
REAL-2505,Good,65.67999999999999,0
REAL-3034,Good,57.2,0
REAL-4041,Good,42.11,0
REAL-1458,Delayed,59.22,0
REAL-4047,Good,49.85,0
REAL-1078,Good,58.36,0
REAL-4237,Good,50.25000000000001,0
REAL-3313,Delayed,64.81,0
REAL-2056,Good,51.650000000000006,0
REAL-1906,Good,58.39000000000001,0
REAL-2949,Good,57.730000000000004,0
REAL-3464,Good,36.65,0
REAL-3994,Good,73.08000000000001,1
REAL-1380,Delayed,67.24,0
REAL-1947,Good,53.16,0
REAL-3087,Delayed,55.31,0
REAL-4232,Good,62.64000000000001,0
REAL-1715,Good,69.92,1
REAL-3225,Good,57.92,0
REAL-1686,Delayed,63.11,0
REAL-3856,Good,56.61,0
REAL-2293,Good,61.900000000000006,0
REAL-1305,Good,68.78,0
REAL-1209,Delayed,68.06,0
REAL-2849,Good,72.11,1
REAL-3471,Good,53.050000000000004,0
REAL-4305,Good,66.24000000000001,0
REAL-4001,Good,44.69,0
REAL-1885,Good,72.59,0
REAL-3028,Good,82.33,1
REAL-1917,Good,41.690000000000005,0
REAL-3499,Good,69.08,0
REAL-3057,Good,40.54,0
REAL-1191,Good,48.49,0
REAL-3108,Good,50.169999999999995,0
REAL-3271,Good,56.190000000000005,0
REAL-2265,Good,71.28,0
REAL-1483,Good,56.82,0
REAL-1915,Good,38.17,0
REAL-3887,Good,52.949999999999996,0
REAL-1277,Good,52.400000000000006,1
REAL-1988,Delayed,49.03,0
REAL-2811,Delayed,48.480000000000004,0
REAL-2245,Good,51.95,0
REAL-3020,Good,70.17,0
REAL-1571,Good,41.03,0
REAL-2435,Good,46.94,1
REAL-1993,Good,45.03,0
REAL-2747,Good,50.58,0
REAL-2742,Good,35.77,0
REAL-1585,Good,32.43,0
REAL-4266,Delayed,57.58,0
REAL-2961,Delayed,48.42999999999999,0
REAL-4324,Good,54.39,0
REAL-2349,Good,47.8,0
REAL-2007,Good,51.03,0
REAL-1674,Good,58.37,0
REAL-3077,Good,65.12,0
REAL-1855,Good,67.32,0
REAL-1447,Good,68.84,0
REAL-2769,Good,60.06,0
REAL-1865,Delayed,57.190000000000005,0
REAL-3008,Delayed,65.16,0
REAL-3514,Good,59.629999999999995,0
REAL-3971,Good,61.150000000000006,1
REAL-3647,Good,81.2,1
REAL-3119,Good,73.5,1
REAL-2940,Good,54.35,0
REAL-3967,Good,55.41,0
REAL-3761,Good,56.67,0
REAL-2247,Good,48.96,0
REAL-1294,Good,52.38,0
REAL-2547,Good,46.24,0
REAL-1588,Delayed,45.01,1
REAL-2741,Delayed,72.39,0
REAL-2281,Good,50.17,0
REAL-3836,Good,43.489999999999995,0
REAL-3153,Good,37.09,0
REAL-3821,Good,66.72,0
REAL-2925,Good,60.269999999999996,0
REAL-3423,Good,44.419999999999995,0
REAL-2778,Good,44.16,0
REAL-3623,Good,63.72,0
REAL-2417,Good,37.11,0
REAL-1425,Good,57.790000000000006,0
REAL-1534,Delayed,69.51,0
REAL-2054,Good,45.309999999999995,0
REAL-3519,Good,46.059999999999995,0
REAL-3778,Good,53.91,0
REAL-2777,Delayed,71.97,1
REAL-1132,Good,70.61,0
REAL-1006,Delayed,76.28,0
REAL-3957,Good,62.02,0
REAL-1421,Good,62.629999999999995,0
REAL-2690,Good,65.59,0
REAL-3954,Delayed,54.41,0
REAL-3266,Good,61.59,0
REAL-2963,Good,42.55,0
REAL-2716,Good,53.25000000000001,0
REAL-2368,Delayed,58.370000000000005,0
REAL-1556,Good,63.15,0
REAL-3272,Good,55.43,0
REAL-2850,Good,58.64,1
REAL-4009,Delayed,68.14,0
REAL-3975,Good,47.540000000000006,0
REAL-2891,Delayed,60.36,0
REAL-1570,Good,56.019999999999996,0
REAL-1352,Good,45.269999999999996,0
REAL-1091,Good,59.63,1
REAL-3802,Good,46.83,0
REAL-3812,Good,55.510000000000005,0
REAL-2170,Good,59.239999999999995,0
REAL-4262,Good,52.73,0
REAL-2285,Delayed,64.22,0
REAL-3500,Good,63.8,0
REAL-3661,Good,66.6,0
REAL-3694,Good,72.24,1
REAL-2803,Good,61.45,0
REAL-2591,Good,57.06,0
REAL-2839,Good,56.88999999999999,0
REAL-1697,Good,57.94,0
REAL-3780,Delayed,62.32000000000001,0
REAL-1348,Delayed,46.04,0
