tenure,usage_time,login_frequency,total_spend,churn,contract_type_two year,subscription_type_premium,payment_record_good
113,675.0,93,62.97,0,0,0,1
67,514.9,117,45.51,0,0,0,1
98,326.7,0,21.09,1,0,0,0
147,573.1,79,60.56,0,0,0,1
96,596.4,102,53.83,0,0,0,1
119,508.8,100,46.33,0,0,1,1
116,595.3,69,52.75,0,0,0,1
114,535.4,79,46.85,0,0,1,1
130,528.2,63,56.92,0,0,0,0
78,507.5,80,49.21,0,0,0,1
182,556.1,114,42.88,0,0,0,1
43,467.4,117,30.85,0,0,0,0
152,611.6,102,55.74,0,0,0,1
115,683.5,125,74.78,1,0,0,1
122,661.1,96,72.42,0,0,1,0
69,634.5,70,67.62,0,0,0,0
12,599.2,98,61.03,0,0,0,1
24,656.9,86,71.11,1,0,0,1
68,558.0,105,63.69,0,0,0,1
102,543.4,97,52.26,0,0,0,1
33,602.4,88,63.43,0,0,0,1
31,570.8,84,54.51,0,0,0,1
154,400.6,76,33.5,0,0,1,1
48,614.4,67,69.25,0,0,0,1
102,461.7,100,43.9,0,0,0,1
86,580.2,118,53.61,0,0,1,0
101,618.9,132,50.35,0,0,1,1
50,541.0,82,68.74,0,0,0,1
74,639.5,70,68.34,0,0,1,0
165,632.1,126,63.15,0,0,0,1
92,598.8,110,53.91,0,0,1,0
60,680.7,57,66.65,0,0,0,1
58,520.1,89,57.03,0,0,0,1
105,628.5,116,54.42,0,0,0,1
163,606.0,109,60.0,0,0,0,1
189,609.5,84,62.89,0,0,0,1
148,382.4,121,25.87,0,0,0,1
93,477.0,120,45.37,0,0,1,1
78,422.4,115,36.67,1,0,0,0
209,669.1,128,68.84,0,0,0,0
104,630.5,107,55.99,0,0,0,1
116,682.1,112,64.49,0,0,1,0
142,617.4,74,64.12,0,0,0,0
111,631.3,97,68.56,0,0,0,0
63,686.7,107,68.23,0,0,0,1
94,544.3,135,54.45,0,0,0,1
93,653.9,101,72.81,1,0,0,1
174,503.1,91,51.83,1,0,1,0
47,576.7,89,51.67,0,0,1,1
76,628.3,96,60.01,0,0,0,1
132,462.3,110,40.52,0,0,0,1
98,746.5,119,75.13,1,0,0,0
142,472.0,95,37.31,0,0,0,1
96,680.7,88,59.42,0,0,1,1
99,422.9,92,32.81,0,0,0,1
168,567.5,134,55.57,1,0,0,1
103,565.1,103,49.71,0,0,0,1
114,528.0,118,44.34,0,0,0,1
147,572.8,92,54.35,0,0,0,1
113,515.6,101,54.91,0,0,1,1
92,573.4,88,68.86,0,1,1,1
152,542.8,98,61.93,0,0,0,1
86,395.1,158,38.51,0,0,1,1
73,600.5,104,58.36,0,0,1,1
71,608.6,84,59.81,0,0,0,0
138,707.6,93,68.89,0,0,0,0
184,559.3,93,51.27,0,0,0,1
164,675.1,100,69.43,0,0,1,1
60,685.3,97,67.67,1,1,0,1
100,512.1,117,59.22,0,0,0,1
126,678.5,96,72.24,1,0,0,0
121,488.8,112,46.56,0,0,0,1
27,574.2,128,60.07,0,0,0,1
54,718.7,83,76.36,1,0,0,1
172,536.5,121,51.89,0,0,0,0
57,635.5,76,64.95,0,0,1,1
125,653.7,65,66.97,0,0,0,1
7,646.3,87,66.16,0,0,0,0
77,543.0,117,46.79,1,1,1,1
45,673.1,84,67.39,0,0,1,1
109,536.1,128,49.93,0,0,0,1
141,582.2,87,56.51,0,0,1,0
72,590.1,93,61.37,0,0,0,0
90,403.9,118,35.46,0,0,0,1
84,445.3,83,41.22,0,0,0,1
107,565.7,87,58.6,0,0,1,0
129,594.7,100,54.75,0,0,0,1
108,682.8,85,62.05,0,0,1,1
120,502.5,85,46.2,0,0,0,1
123,506.3,106,43.64,1,1,0,0
10,659.1,112,60.54,0,0,0,1
80,707.1,113,80.99,1,0,0,1
89,876.9,95,87.88,1,0,0,1
61,699.8,106,70.55,0,0,1,1
93,538.5,114,56.8,0,0,0,0
159,689.2,103,73.08,1,0,0,1
124,651.8,85,69.34,0,0,0,0
99,620.0,102,58.03,0,0,0,1
102,565.1,98,46.69,0,0,0,1
159,566.4,98,47.55,0,0,0,1
141,686.8,87,61.19,0,0,0,1
1,704.1,107,68.06,0,0,0,1
98,438.5,67,31.56,0,1,0,1
19,654.4,98,62.89,0,0,0,1
116,535.6,123,49.47,0,0,0,1
118,575.2,52,68.74,0,0,1,1
85,601.3,107,53.89,0,0,0,1
97,586.1,129,56.46,0,0,1,1
107,442.2,83,39.12,0,0,1,1
160,551.2,121,55.89,0,0,1,1
73,715.7,91,68.26,1,0,0,1
56,480.4,79,46.95,0,0,0,0
102,641.3,129,64.55,0,0,0,0
110,531.7,103,56.43,0,0,0,0
67,552.0,78,48.49,0,0,0,1
127,569.4,112,61.08,0,0,0,1
144,728.6,99,70.07,0,0,0,1
109,529.9,101,54.8,0,0,0,1
111,684.2,89,72.63,1,0,0,1
78,695.2,93,70.03,0,0,0,0
128,585.0,99,50.19,0,0,0,1
177,591.7,99,57.38,0,0,0,1
46,596.5,116,55.21,0,0,0,1
48,509.0,146,48.03,0,0,0,0
111,642.4,108,68.38,0,0,0,1
48,578.8,64,56.23,0,0,0,0
119,745.7,101,76.33,1,0,0,1
76,661.5,110,68.88,1,1,0,1
90,557.6,76,57.25,0,0,1,1
97,551.5,87,47.12,1,0,1,1
52,485.5,83,47.65,0,0,0,0
179,613.3,92,60.97,0,0,0,1
96,606.3,125,56.22,0,0,0,1
83,505.5,87,56.1,0,0,0,1
105,611.1,88,65.95,0,0,0,1
61,570.9,118,56.5,0,0,0,1
125,493.7,64,50.59,0,0,0,1
108,542.5,122,48.63,0,0,0,1
215,431.1,148,34.69,0,0,0,1
108,611.9,106,62.54,0,0,1,1
132,353.7,110,33.52,0,0,0,1
51,655.0,99,58.77,0,0,0,1
112,496.8,138,50.63,0,1,0,1
104,760.9,73,66.05,0,1,0,0
105,536.2,109,48.84,0,0,0,1
88,772.8,98,74.24,1,1,0,0
85,627.7,66,62.36,0,0,0,1
101,580.0,71,57.92,0,0,1,1
64,648.9,77,67.46,1,1,0,1
104,552.0,92,46.77,0,0,0,1
113,649.5,137,58.8,0,0,0,1
144,658.4,87,68.98,0,0,1,1
86,482.6,121,41.81,0,0,0,1
138,503.8,89,53.73,0,0,0,1
181,547.7,83,49.78,1,1,0,1
112,684.7,77,68.52,0,0,0,1
135,450.7,82,44.01,0,0,0,1
161,516.0,114,49.95,0,1,0,1
44,528.8,77,48.48,0,0,0,1
85,585.2,112,53.09,0,0,0,1
149,519.8,115,57.23,0,0,0,1
135,602.7,100,62.16,1,0,1,1
90,439.7,82,35.95,0,0,1,1
102,512.6,105,56.18,0,1,0,1
153,599.4,127,58.45,0,0,0,1
83,594.7,117,64.45,0,0,1,1
64,645.1,67,57.31,0,0,0,1
118,693.7,119,64.22,0,0,0,1
148,800.0,129,78.99,0,0,1,1
102,751.4,109,78.59,1,0,0,1
135,475.7,100,46.24,0,0,0,0
11,639.4,130,62.87,0,0,1,1
83,463.5,89,39.45,0,0,1,1
130,674.9,95,60.1,0,0,0,0
75,661.8,62,64.59,0,0,1,1
73,500.6,86,53.29,0,0,0,1
107,643.4,45,57.85,0,0,1,1
85,619.0,97,60.96,0,1,0,0
182,677.1,124,72.58,1,0,0,1
46,705.9,100,73.48,1,0,0,1
85,672.4,110,75.24,0,0,1,0
58,505.4,96,45.94,0,0,0,0
166,600.9,115,59.76,0,0,0,1
185,550.2,121,53.44,0,0,1,1
102,456.3,125,37.82,0,0,0,1
130,685.5,108,71.97,0,0,1,1
113,350.9,111,27.13,1,0,0,0
35,512.0,115,46.64,1,0,0,0
101,790.2,156,76.36,1,0,0,1
173,469.2,114,51.78,0,0,0,1
91,561.2,98,54.62,0,0,1,1
96,652.7,124,66.09,0,0,1,0
31,446.6,129,42.7,0,0,0,1
180,691.0,105,69.2,1,0,0,0
36,413.9,111,42.57,0,0,1,1
48,470.4,98,49.02,0,0,0,1
142,782.4,103,76.62,0,0,1,1
85,560.4,100,59.04,0,0,0,1
103,603.5,111,56.43,0,0,1,1
69,510.8,76,53.61,0,0,0,1
91,651.6,120,64.32,0,0,0,0
106,425.4,104,36.58,0,0,0,1
112,588.9,112,61.74,0,0,0,0
185,605.4,123,57.21,0,0,1,1
133,607.5,80,57.46,1,0,1,1
8,591.1,67,63.8,0,0,1,1
176,623.5,130,69.96,0,0,1,1
83,691.4,95,65.05,0,0,1,1
79,422.5,90,41.63,0,0,1,0
153,785.3,56,65.19,0,0,0,1
100,430.6,104,35.51,0,0,1,1
76,512.9,77,49.23,0,0,0,1
58,644.8,110,61.88,0,0,1,1
94,669.1,98,60.8,0,0,0,1
123,737.1,135,73.65,1,0,0,1
48,641.3,92,65.36,0,0,0,1
143,674.7,112,61.43,0,0,0,1
70,791.8,95,76.87,1,0,0,1
170,639.3,68,71.06,0,1,0,0
80,613.2,74,61.63,0,0,0,1
90,516.4,51,52.28,0,0,1,1
129,613.6,85,62.09,0,0,0,1
170,713.2,44,74.51,1,0,0,1
108,508.8,108,53.48,1,0,1,0
57,586.8,115,60.67,0,0,1,1
116,698.7,94,69.23,0,0,1,1
119,534.9,102,48.93,0,0,0,1
135,589.1,129,64.87,0,0,0,1
22,656.5,116,63.93,0,0,0,1
117,594.0,86,54.72,1,1,0,1
119,709.4,82,71.54,0,0,0,1
65,572.8,116,55.57,0,0,0,1
135,591.2,113,61.62,0,0,1,1
183,552.1,119,47.07,0,0,1,1
78,704.8,73,68.22,0,0,1,1
127,640.3,114,59.81,0,1,0,1
99,541.6,66,53.69,0,0,0,0
115,676.0,109,58.04,0,0,0,0
118,473.2,83,40.45,0,0,1,1
112,520.8,114,54.27,0,0,0,1
160,361.8,97,35.08,0,0,0,1
140,608.9,134,52.7,0,0,0,1
102,706.3,105,75.98,0,0,1,0
225,649.1,106,60.83,1,0,0,1
120,610.0,83,55.4,0,0,1,1
113,586.6,104,54.45,0,0,1,0
63,760.8,111,69.76,0,0,1,1
86,506.2,72,46.62,0,0,0,1
136,607.5,88,54.69,0,0,1,1
107,732.3,79,70.38,0,0,1,1
131,730.5,108,69.68,0,0,0,0
99,594.5,94,54.35,0,1,1,1
93,582.4,68,60.47,0,0,0,1
90,637.3,138,60.87,0,0,0,1
102,529.9,123,51.24,1,0,0,0
116,585.1,90,57.61,0,0,0,1
116,575.6,93,55.36,0,0,0,0
106,436.4,125,49.25,0,0,1,0
169,712.6,105,71.74,1,0,0,0
111,595.1,112,50.01,0,0,0,0
160,636.1,90,58.49,0,0,0,1
115,480.5,110,45.71,0,0,1,1
112,672.6,110,62.12,0,0,1,1
62,767.1,105,85.28,1,0,0,0
62,630.9,70,55.77,0,0,0,0
55,591.6,103,54.31,0,0,0,1
65,478.1,87,43.28,0,0,0,1
119,545.7,119,55.02,1,1,1,1
124,486.4,113,56.83,0,0,0,1
185,531.2,114,47.92,0,1,1,1
102,688.0,85,73.55,1,0,0,1
146,646.2,135,63.39,0,1,0,0
140,577.1,108,50.62,1,0,0,0
48,292.6,71,31.11,0,0,0,1
118,524.4,122,51.53,1,1,1,0
101,563.1,51,50.82,0,1,0,1
27,608.3,81,64.82,0,0,0,0
149,634.0,92,58.63,0,0,1,0
151,529.3,104,56.53,0,0,0,0
46,536.2,81,50.5,0,0,0,1
53,515.1,86,55.24,0,0,0,0
78,485.9,106,48.25,0,0,0,1
152,481.9,108,52.37,0,0,1,1
81,549.6,99,51.83,0,0,0,1
113,347.5,63,26.62,0,0,1,1
97,595.0,117,55.66,0,1,0,1
102,541.8,74,53.67,0,0,0,1
79,623.5,114,58.79,0,0,1,1
177,510.1,99,51.09,0,0,0,1
55,573.8,148,50.05,0,0,0,1
130,491.8,119,45.81,0,0,0,1
113,612.7,93,64.16,0,0,0,0
78,630.5,110,58.26,0,0,0,1
115,634.1,105,65.55,0,0,0,1
92,631.5,113,62.76,0,0,0,1
102,542.8,102,58.92,0,0,0,1
102,455.7,117,44.88,0,0,0,1
39,731.9,126,79.15,1,0,0,1
138,340.1,149,23.39,0,0,1,1
93,545.3,95,54.35,0,0,0,0
102,809.2,86,75.83,0,0,1,1
189,520.8,116,50.65,0,0,1,1
25,523.0,90,51.54,0,0,0,1
67,451.0,58,44.81,0,1,0,1
102,602.3,103,65.2,0,1,0,1
105,675.9,98,73.33,1,0,0,1
69,648.0,91,61.08,0,0,0,1
46,637.6,92,64.05,0,0,0,1
61,667.5,133,68.3,0,0,1,1
86,449.7,115,42.78,0,0,0,1
51,485.9,88,49.82,0,0,0,1
177,606.6,81,62.24,0,0,0,1
126,704.9,87,72.95,1,1,0,1
97,500.8,121,48.91,0,0,0,1
78,654.5,141,69.67,1,1,0,1
124,518.1,74,53.42,0,0,0,1
113,554.7,97,56.74,0,0,0,1
157,619.1,90,62.5,0,0,0,0
115,765.9,97,75.12,1,0,0,1
122,739.3,141,72.87,1,0,0,1
70,528.0,98,61.22,1,1,0,1
112,549.2,72,57.66,0,1,1,1
58,678.8,111,62.28,0,0,1,1
105,519.7,48,42.42,0,0,0,1
137,512.7,119,49.18,0,0,0,1
110,543.3,94,56.52,0,0,0,1
147,574.1,109,53.12,1,1,1,0
143,547.4,99,53.87,0,0,0,1
126,532.0,143,53.78,0,0,0,1
23,612.7,84,53.61,0,0,1,1
131,616.5,115,64.64,0,0,0,1
115,608.3,111,57.64,0,0,0,1
56,493.8,89,45.0,0,0,1,1
72,531.1,98,46.35,0,0,1,1
59,497.0,97,46.0,0,0,1,1
79,568.9,83,54.53,0,0,0,1
136,668.3,121,72.03,1,0,0,1
140,634.5,114,58.24,0,0,0,1
133,513.6,108,49.08,0,1,0,1
52,666.7,68,56.15,0,0,1,1
59,666.3,65,65.41,0,0,0,1
141,704.6,123,71.78,0,0,1,1
91,526.7,128,55.74,0,0,0,1
86,463.8,121,44.79,1,0,0,0
106,571.7,91,58.59,0,0,0,0
115,595.9,119,57.27,0,1,0,1
105,832.6,97,83.28,1,0,0,1
58,696.8,40,68.81,0,0,1,1
107,618.6,79,64.19,0,0,0,1
66,718.3,104,71.3,0,0,1,1
67,613.3,59,58.87,1,1,1,1
27,510.8,105,41.47,0,0,0,1
83,451.7,120,41.75,0,0,0,1
110,565.0,81,55.58,0,0,0,1
105,680.1,108,54.27,1,0,1,0
117,501.1,94,54.87,0,0,0,1
92,534.9,130,57.38,1,0,1,1
65,690.6,123,72.04,1,1,0,1
129,606.6,122,56.28,0,0,0,1
65,557.2,80,54.03,0,0,0,1
90,671.0,66,64.89,0,0,1,1
85,551.3,73,59.34,0,1,0,1
128,707.2,110,72.86,0,0,1,1
65,532.8,51,46.64,0,0,0,1
85,450.0,97,43.92,0,0,1,1
105,640.0,96,68.01,0,0,0,1
1,557.4,74,53.04,0,0,0,1
132,509.0,66,52.99,1,0,0,0
112,608.0,76,62.71,0,0,0,1
70,575.0,101,49.46,0,0,1,1
61,550.8,119,47.67,0,1,1,0
144,645.4,100,64.39,0,1,0,1
89,493.9,66,40.59,0,0,0,0
81,545.9,117,49.69,0,0,1,1
101,681.4,105,65.49,0,0,0,1
83,586.1,92,59.17,0,0,0,1
157,601.7,123,57.39,0,1,0,1
151,594.1,98,58.33,0,0,1,1
107,679.7,91,66.37,0,1,0,1
123,444.7,126,40.81,0,0,0,1
145,706.7,97,70.5,0,0,1,1
70,488.2,145,48.42,0,0,0,1
124,728.4,104,73.21,0,0,1,1
77,587.9,117,53.22,1,0,1,0
151,585.5,108,55.24,0,0,0,0
117,615.0,137,58.44,0,0,0,1
174,694.5,108,66.39,0,0,0,1
111,569.6,96,59.9,0,0,0,0
12,782.2,118,76.49,1,0,0,1
70,725.6,122,73.36,0,0,0,0
103,530.1,105,54.94,0,0,1,1
172,712.1,100,66.46,0,0,0,1
55,621.8,115,62.22,0,1,0,1
51,647.9,94,61.99,0,0,0,1
52,567.2,88,55.72,0,0,1,1
75,656.1,132,55.84,0,0,1,0
107,508.8,132,45.17,0,0,1,1
100,595.7,96,48.88,1,0,0,0
116,600.1,94,53.58,1,0,0,0
65,772.9,139,75.17,1,0,0,0
133,414.9,90,50.02,0,0,0,1
88,629.9,78,64.67,0,0,1,1
59,528.8,95,54.15,0,0,0,1
124,481.6,70,46.59,0,0,0,0
59,485.9,114,47.35,0,0,1,1
95,483.0,116,49.3,0,0,0,1
56,585.3,92,56.22,0,0,0,1
123,582.3,118,60.13,0,0,0,1
102,677.7,112,72.6,1,1,0,1
180,507.7,121,48.36,0,0,0,0
90,708.4,124,67.36,0,0,0,1
164,510.9,111,49.59,0,0,0,1
67,590.3,131,55.72,0,0,0,1
101,360.9,0,23.93,0,0,0,1
103,705.7,128,69.38,1,1,0,1
96,778.2,105,79.51,1,0,0,1
110,542.5,124,52.61,0,0,0,1
64,636.2,111,64.33,0,0,0,1
101,691.5,85,73.14,1,0,0,0
158,552.5,105,54.38,0,0,0,1
110,748.0,108,77.04,1,0,0,1
121,644.5,91,60.48,0,0,1,1
129,607.0,91,59.39,0,0,0,0
91,609.5,75,51.95,0,0,0,1
75,474.2,110,47.45,0,0,0,1
107,424.0,102,30.67,0,0,1,1
68,525.1,70,52.09,0,0,0,0
88,658.4,86,63.57,0,0,0,1
100,650.5,100,66.43,0,0,1,1
64,472.4,80,40.85,0,0,0,1
79,640.5,79,69.97,0,0,1,0
130,487.7,101,56.38,0,0,0,1
107,492.6,108,58.83,0,0,0,1
139,663.8,129,59.45,0,0,1,1
114,510.2,101,52.59,0,0,0,1
132,592.9,101,58.33,0,0,1,1
84,600.0,125,59.75,0,0,0,1
63,768.5,102,79.98,1,0,0,0
54,539.5,99,54.82,0,0,0,1
74,719.9,107,66.64,0,0,1,1
140,514.0,77,49.66,0,0,1,1
202,479.8,137,43.17,0,0,0,0
102,643.5,77,65.34,0,1,0,1
131,516.3,86,50.35,0,0,0,1
126,423.2,88,40.1,0,0,0,1
95,438.5,126,30.18,0,0,1,1
92,585.1,90,53.01,0,0,1,1
128,646.7,105,57.39,0,0,0,1
86,616.3,82,51.35,0,0,0,0
16,541.2,84,49.06,0,0,0,1
131,489.3,134,44.44,0,0,1,1
76,475.3,93,48.28,0,0,0,1
94,592.5,104,65.0,0,0,0,1
111,638.9,117,62.5,0,0,0,1
131,631.6,89,60.36,0,0,0,1
96,662.5,95,71.02,0,0,1,1
157,549.5,71,54.0,0,0,0,0
127,536.2,124,53.71,0,0,0,1
138,607.0,101,57.01,0,0,0,0
224,543.9,99,52.32,1,1,0,1
97,707.6,87,63.28,0,0,0,1
82,591.9,73,54.81,0,0,1,1
30,487.3,108,45.61,0,0,0,0
124,596.9,109,55.18,0,0,1,1
107,562.2,91,61.14,0,0,1,1
68,524.9,89,45.55,0,0,0,0
73,623.8,94,64.03,0,0,0,0
136,681.2,88,60.32,0,0,1,1
165,427.0,109,51.77,0,0,0,1
81,604.0,102,56.66,0,0,0,0
102,603.3,121,48.28,0,0,0,1
89,466.4,151,41.81,0,0,0,1
68,600.3,76,62.2,0,0,0,1
39,490.5,158,41.88,0,0,0,1
92,771.8,122,67.17,1,0,0,0
138,605.1,129,58.81,1,1,0,1
102,420.2,112,45.42,0,0,0,1
120,548.7,56,58.75,0,0,0,1
180,534.7,96,50.44,0,0,0,1
102,550.5,82,57.3,0,0,1,1
117,591.1,86,60.33,0,0,0,1
40,631.7,55,56.93,0,1,0,0
161,648.3,112,67.29,0,0,1,1
75,608.2,107,63.35,0,0,1,1
160,566.4,105,54.13,0,0,0,1
95,480.1,79,37.92,0,0,0,1
76,556.1,121,58.99,0,0,0,1
74,475.8,83,42.03,0,0,0,1
106,536.5,84,56.38,1,1,0,0
70,674.7,86,65.23,0,0,0,1
142,623.6,105,64.77,0,0,1,0
112,813.0,77,87.03,1,0,0,1
110,481.6,69,51.47,0,0,0,1
114,651.2,94,65.26,0,0,1,0
89,590.3,110,57.84,0,0,0,1
78,593.4,119,52.71,0,0,0,1
96,503.1,108,48.56,0,0,1,1
102,655.2,89,59.79,0,1,0,1
86,618.1,84,50.84,0,0,1,1
103,374.2,134,31.08,0,0,0,1
74,479.6,104,45.78,0,0,1,1
131,672.8,85,63.4,0,0,1,1
126,675.3,118,69.79,0,1,1,0
185,617.9,126,58.07,0,0,1,1
61,672.3,67,65.49,0,0,0,1
124,510.2,119,53.21,0,0,0,1
123,517.2,78,52.62,0,0,0,1
3,675.9,99,57.82,0,0,0,0
95,508.2,109,47.73,0,0,0,1
109,715.4,125,64.15,0,0,0,1
192,650.8,77,57.43,0,0,1,1
78,541.1,108,46.32,1,0,0,1
167,638.8,85,59.27,0,0,0,1
201,633.0,72,64.08,0,0,0,1
87,580.0,85,61.09,0,0,0,1
174,652.1,76,55.96,0,0,0,0
114,515.0,104,53.96,0,1,1,1
59,548.4,70,50.87,0,0,0,1
56,788.2,112,74.33,1,0,0,1
77,598.0,84,61.28,0,0,0,1
39,554.5,104,52.39,0,0,0,1
101,576.8,125,48.32,1,0,1,1
113,460.9,93,44.64,0,1,0,1
69,569.1,101,52.06,0,0,0,1
42,509.9,134,57.75,0,0,0,1
113,602.2,102,57.42,0,0,1,1
136,524.0,109,43.9,0,0,0,1
75,673.8,105,66.65,0,0,0,1
16,447.8,91,39.79,0,1,0,1
100,596.7,127,60.58,0,0,1,1
98,485.5,98,36.97,0,0,1,1
73,523.2,121,45.53,0,0,0,1
38,746.0,118,68.21,0,0,1,1
104,573.9,108,64.12,0,0,0,0
105,656.9,96,68.98,0,0,0,0
99,462.8,81,37.93,0,0,0,1
32,711.8,109,74.67,0,0,1,1
68,597.1,83,55.37,0,0,0,1
127,437.9,128,38.3,0,0,0,1
25,712.2,80,76.4,1,0,0,1
100,460.3,87,46.35,0,0,0,1
93,532.6,110,54.2,0,1,1,1
140,553.5,84,47.28,0,0,0,1
46,481.4,133,43.56,0,0,0,1
62,532.7,91,49.97,0,0,0,1
87,633.1,124,67.04,0,0,0,1
123,398.4,105,45.83,0,0,1,1
33,504.1,85,48.96,0,0,1,1
11,645.4,98,54.7,0,0,1,1
167,595.2,88,58.02,0,0,0,1
103,474.1,78,48.58,0,1,0,0
149,375.3,56,38.63,0,0,0,1
127,626.7,103,62.64,0,0,0,1
169,524.4,112,45.4,0,0,0,1
148,680.3,102,68.8,0,0,1,0
94,622.9,85,59.42,0,0,0,1
37,708.6,120,72.34,1,0,0,1
135,631.2,81,62.64,0,0,0,1
98,581.9,87,49.11,0,0,1,1
109,533.5,141,58.35,0,1,0,1
54,591.7,108,60.83,1,1,0,1
117,656.6,115,57.97,0,0,0,1
78,643.2,105,54.08,0,0,0,1
113,537.6,116,43.18,0,0,0,1
84,494.5,80,48.84,0,0,0,1
120,674.5,68,64.2,0,0,1,1
112,551.7,113,53.87,0,0,0,1
90,646.9,83,59.5,0,0,0,1
154,579.1,102,61.74,0,0,1,1
78,499.7,116,41.81,0,0,0,0
93,753.6,114,76.32,1,0,0,0
118,394.9,106,41.93,0,1,1,1
52,584.6,78,55.22,0,0,0,1
125,506.8,104,46.98,0,0,1,1
103,496.6,110,50.7,0,0,0,1
117,555.6,86,56.85,0,0,1,1
98,674.4,61,67.19,0,0,1,1
104,588.7,66,57.81,0,0,1,1
87,494.2,106,51.87,0,0,0,1
120,600.4,106,65.39,0,0,0,1
74,490.0,84,51.17,0,0,1,1
143,512.5,109,55.05,0,0,0,1
160,725.0,136,72.82,1,0,0,1
141,815.1,92,88.31,1,0,1,1
99,645.9,102,64.3,0,0,0,1
130,612.3,120,58.07,0,0,1,1
25,532.5,98,48.85,0,0,0,1
141,658.4,99,62.73,0,0,1,0
99,484.8,102,47.54,0,0,0,1
177,620.2,106,64.02,0,0,0,1
28,583.1,79,54.87,0,0,0,1
155,429.3,108,47.34,0,0,0,0
95,471.3,91,46.35,1,1,1,0
84,512.3,102,47.92,0,0,1,1
108,597.5,88,69.94,0,0,0,1
96,559.0,126,55.9,0,0,1,1
143,487.2,116,46.34,0,0,1,1
16,531.1,65,52.23,0,0,0,1
163,751.4,126,71.16,0,0,1,1
101,591.0,137,61.53,0,0,1,1
81,465.4,117,45.05,0,0,1,1
123,741.7,80,77.78,0,0,1,1
171,557.2,77,60.3,0,0,1,0
103,570.9,91,52.02,0,0,0,1
171,620.6,122,58.6,0,0,0,1
90,582.5,146,60.71,0,0,0,1
119,533.6,114,53.15,1,0,0,0
71,565.0,103,56.7,0,0,1,1
91,465.6,123,45.72,1,0,0,1
86,606.4,105,53.64,0,0,1,0
95,470.8,96,36.54,0,0,0,1
101,680.6,88,68.77,0,0,1,1
127,588.0,99,61.74,0,1,0,1
70,582.0,105,52.58,0,0,0,0
142,714.3,94,69.29,0,0,1,1
81,661.7,124,61.65,0,0,1,0
44,476.0,92,40.21,0,1,0,1
181,612.2,61,54.35,0,0,1,1
3,559.2,120,56.43,0,0,0,0
116,581.5,91,61.97,0,0,0,1
95,603.7,116,63.99,0,0,0,1
19,704.4,116,74.91,1,0,0,1
81,600.5,84,54.99,0,0,0,1
148,568.1,84,62.41,0,0,1,1
124,529.7,71,51.69,1,1,0,0
89,586.2,96,51.32,0,0,0,1
124,425.5,109,45.03,0,0,0,1
102,747.3,87,71.99,1,0,0,1
118,729.9,119,75.21,0,0,1,1
17,725.1,118,62.17,1,1,0,1
172,695.1,102,75.29,1,0,0,1
32,623.1,97,64.49,0,0,1,1
77,460.1,101,47.07,1,0,1,0
2,463.6,42,42.94,1,1,0,1
129,629.3,95,58.95,0,0,1,0
131,633.8,123,67.52,0,0,0,1
104,526.4,77,45.25,0,0,0,1
76,590.3,85,57.88,0,0,0,1
162,624.1,98,54.66,0,0,0,1
76,664.3,148,72.04,1,0,0,1
102,748.0,141,79.48,1,0,0,1
73,594.5,118,59.75,0,0,0,1
134,529.9,115,49.51,0,0,0,1
135,465.1,107,46.82,0,1,0,1
163,672.7,99,66.13,0,0,1,1
131,478.1,73,50.28,0,0,0,1
15,588.8,80,49.13,0,1,0,1
119,721.7,100,78.55,1,0,0,1
100,454.7,98,39.33,0,0,0,1
141,499.1,91,46.27,0,0,1,1
72,530.0,111,49.68,0,0,0,1
151,592.0,128,52.64,0,0,0,1
173,717.3,96,69.81,0,0,1,0
125,596.0,103,62.58,0,0,0,1
88,639.5,104,62.09,0,0,1,1
155,498.0,91,55.45,0,0,1,1
165,608.0,88,57.91,0,0,0,1
160,675.2,66,65.81,0,0,0,1
65,555.1,110,56.65,0,0,0,1
129,599.4,113,56.88,0,0,0,1
57,604.4,78,54.34,0,0,0,1
150,507.1,112,48.27,1,0,0,0
157,594.2,92,58.4,0,0,0,1
116,533.8,104,50.9,0,0,1,0
148,537.5,91,50.44,0,0,1,1
75,518.7,102,46.31,0,0,1,0
104,488.5,109,48.72,0,0,0,1
243,523.4,92,42.04,0,0,0,1
108,514.6,105,44.9,1,0,0,0
75,757.4,78,74.97,1,1,0,1
141,447.7,98,43.21,0,0,0,1
86,696.6,96,69.04,0,0,0,1
78,617.1,140,52.82,0,0,0,0
152,716.4,105,70.49,0,0,1,0
80,661.8,115,63.83,0,0,1,1
86,482.5,163,37.24,0,0,1,0
102,502.3,100,46.85,0,0,1,1
86,661.2,93,65.57,0,0,0,1
194,548.0,101,41.95,0,0,0,1
119,548.8,75,45.08,1,0,0,1
75,678.4,119,66.0,0,0,1,0
102,628.5,87,56.99,0,0,0,1
27,743.3,95,72.71,1,0,0,1
119,436.4,97,37.87,0,0,0,0
103,548.3,107,55.69,0,0,0,0
125,540.0,128,57.98,0,0,0,1
150,496.6,101,51.47,1,0,0,0
78,648.6,116,63.16,0,0,1,0
119,562.0,108,47.63,0,0,0,1
155,571.3,86,49.31,0,0,1,1
155,706.2,123,67.62,0,0,0,1
84,520.8,65,45.78,0,0,1,1
46,619.2,85,60.69,0,0,0,0
127,408.2,117,36.74,0,1,1,1
106,625.9,95,60.97,0,0,0,0
134,624.9,122,63.4,0,0,0,1
97,523.0,76,57.48,0,0,0,0
73,579.4,136,49.06,0,0,0,1
62,478.8,86,49.41,1,1,0,1
53,543.4,97,54.37,0,0,0,1
138,511.0,104,58.88,0,0,0,1
209,703.7,124,72.78,1,0,0,0
73,568.9,90,60.25,0,0,0,1
145,489.6,78,37.55,0,0,0,1
103,631.1,117,60.46,0,0,0,1
182,585.7,90,55.37,0,0,0,1
119,529.0,129,50.87,0,0,0,1
92,657.4,82,70.01,0,0,0,1
126,620.9,102,63.28,0,0,0,1
114,596.1,77,54.55,0,0,1,1
149,387.1,117,31.52,0,0,0,1
131,489.2,80,42.42,0,0,0,1
93,639.7,103,58.79,0,0,0,1
133,603.3,71,52.49,0,0,0,0
123,481.8,87,44.6,0,0,1,1
75,602.5,121,50.57,0,0,0,1
68,506.8,86,49.28,1,0,0,0
123,607.7,85,66.69,0,0,0,0
94,485.1,109,58.11,0,1,0,0
105,609.3,99,60.88,0,0,0,0
79,583.2,85,53.71,1,0,0,0
94,496.0,90,45.36,0,0,0,0
148,557.1,83,47.81,0,0,0,1
91,550.4,112,47.93,0,1,0,0
42,432.5,108,39.43,0,0,0,1
89,654.3,112,76.83,1,0,0,1
87,472.3,80,44.63,0,1,0,1
62,552.9,95,49.41,0,0,1,1
112,586.0,96,61.1,0,0,0,0
37,626.3,112,68.35,0,0,0,0
49,513.1,117,46.6,0,0,0,1
120,628.8,81,66.14,0,0,1,1
130,437.7,112,45.49,0,0,0,1
130,719.1,129,75.82,1,0,0,0
111,493.4,128,48.43,1,0,0,0
74,661.7,87,67.19,0,0,0,1
86,628.6,115,59.29,0,0,0,0
96,423.3,98,35.47,0,0,0,1
161,595.7,117,54.53,0,0,0,1
121,399.5,110,36.05,0,0,0,1
141,643.1,126,65.37,0,0,1,1
189,530.2,98,61.97,0,0,1,0
70,570.0,102,50.23,0,0,0,1
90,619.0,128,69.41,0,0,0,1
160,429.6,77,36.67,0,0,0,0
111,605.2,118,62.36,0,0,0,1
102,615.3,86,51.95,0,0,0,1
109,716.4,102,60.74,0,0,0,0
94,560.6,136,51.41,0,0,0,1
53,635.5,107,59.35,0,0,1,1
48,515.7,115,56.06,0,0,1,1
85,579.0,107,57.58,0,0,1,1
134,468.0,111,48.98,0,0,0,1
126,575.4,88,59.78,0,0,0,1
81,500.5,121,47.96,0,0,0,1
51,681.3,61,70.8,0,0,1,1
125,369.2,117,43.47,0,0,1,1
44,680.1,86,73.74,1,0,0,1
98,451.2,82,43.58,0,0,0,1
150,565.4,123,55.26,0,0,0,1
73,545.9,130,56.42,0,0,0,1
116,680.9,137,61.01,0,1,1,1
66,666.1,85,63.81,0,0,0,1
104,660.8,123,64.48,0,0,0,1
107,467.6,90,40.68,0,0,0,1
161,698.5,106,65.68,1,1,0,1
48,540.1,109,50.93,0,0,1,1
85,604.0,107,62.85,0,0,0,1
44,658.1,139,74.22,1,0,0,0
173,378.0,103,34.74,0,0,0,1
64,545.0,106,52.14,0,0,1,1
157,617.6,102,63.43,0,0,1,1
115,622.1,69,69.5,1,1,0,0
156,416.1,96,38.31,0,0,0,1
101,371.5,89,39.53,0,0,0,1
118,566.1,115,58.51,0,0,0,1
102,552.5,106,56.03,0,0,0,0
115,394.2,107,36.0,0,0,0,1
109,706.7,113,68.31,0,0,0,1
127,585.4,114,54.07,0,0,1,1
26,642.6,109,66.89,0,0,0,0
86,569.6,104,50.78,0,0,0,0
40,699.3,100,69.7,0,1,0,1
63,448.7,113,31.54,0,0,1,1
106,468.1,120,40.69,0,0,1,1
136,662.4,83,60.21,0,0,0,0
142,611.8,114,61.42,0,0,1,1
56,583.2,95,65.41,0,0,0,1
111,433.4,123,38.43,0,0,1,1
137,503.2,79,45.39,0,0,0,0
24,451.3,104,43.43,0,0,0,1
76,693.0,120,70.58,1,1,0,1
171,627.8,94,61.21,0,0,1,1
86,693.9,85,61.91,0,0,0,1
123,533.4,94,44.36,0,0,0,1
33,542.2,100,54.69,0,1,0,1
49,655.8,78,65.72,0,0,1,0
40,564.1,115,52.26,1,0,0,0
88,474.3,86,36.96,1,0,0,0
122,673.4,84,71.18,0,0,1,0
41,678.7,92,69.21,0,0,0,1
84,757.1,88,70.7,0,0,0,1
119,495.2,94,54.98,0,0,1,1
59,617.1,104,58.78,0,0,0,0
105,579.7,84,62.11,0,0,0,1
81,772.6,76,74.98,0,1,1,1
171,636.5,69,71.66,1,0,0,1
83,461.8,70,40.12,0,0,0,1
120,575.5,99,51.82,0,0,1,1
124,660.6,112,75.93,1,0,0,1
105,598.0,100,61.79,0,0,0,1
87,563.2,83,60.71,1,0,0,1
37,489.8,76,41.26,0,1,0,1
67,576.6,70,50.48,0,0,0,1
170,519.1,119,53.71,1,0,1,0
70,441.3,72,44.59,0,0,1,0
97,604.6,109,55.6,0,0,1,1
102,549.7,106,47.41,0,0,0,1
92,520.6,112,48.42,0,0,1,1
125,696.2,81,70.48,1,1,1,1
94,469.3,124,50.12,0,0,1,1
112,599.6,150,61.58,0,0,0,1
110,428.8,127,46.41,0,0,0,0
132,597.1,132,58.72,0,0,0,1
134,752.9,86,70.07,0,0,0,1
86,693.6,79,66.87,0,0,1,1
11,626.8,130,57.71,0,0,0,1
127,507.6,94,49.93,0,0,0,1
153,471.6,130,53.91,0,0,1,1
171,628.3,110,53.39,0,0,0,1
89,444.2,77,36.96,0,0,0,1
78,507.7,85,51.84,0,0,1,1
141,683.3,127,56.42,0,0,1,1
106,521.8,121,55.76,0,0,0,1
45,586.6,127,46.31,0,0,0,1
115,736.1,111,66.69,0,0,0,1
121,639.4,63,66.64,0,0,1,0
180,508.0,134,47.99,0,0,0,1
112,511.0,122,55.34,0,0,0,0
73,580.0,115,63.05,0,0,0,1
179,691.7,78,68.02,0,1,1,0
107,696.6,57,65.1,0,0,1,1
77,610.6,112,59.45,0,0,0,1
103,526.9,84,52.23,0,0,0,1
125,456.2,95,40.1,0,0,0,1
78,741.5,119,69.57,0,0,0,1
89,541.2,105,53.91,0,0,1,1
89,498.5,108,52.1,0,0,1,1
75,492.8,61,52.82,1,1,0,0
115,483.5,67,45.04,0,0,0,1
99,584.9,72,62.69,0,0,0,1
136,518.8,105,42.7,0,0,1,1
102,667.6,89,66.65,0,0,1,1
140,595.8,81,66.54,0,0,0,1
126,452.3,78,51.21,0,0,1,1
154,821.2,75,89.47,1,0,0,1
140,547.9,79,50.7,0,0,0,0
82,748.3,83,76.22,1,0,0,0
148,630.2,88,64.04,0,1,0,1
108,522.8,126,53.88,0,0,0,0
9,587.6,130,58.77,0,0,1,1
161,467.6,113,47.87,1,0,0,0
130,601.4,70,60.96,0,0,0,1
110,526.4,88,58.95,0,0,0,1
122,539.2,134,51.3,1,0,0,0
87,578.1,119,56.94,0,0,0,1
70,674.1,91,67.22,0,0,0,1
93,531.5,120,50.64,0,0,0,1
116,659.4,82,64.16,0,0,0,1
128,609.4,95,65.76,0,0,0,1
145,519.5,97,46.97,0,0,0,1
27,633.3,110,67.36,0,0,0,1
146,554.8,88,53.55,0,0,1,1
147,471.9,79,44.98,0,1,0,1
93,604.7,68,56.23,0,0,0,1
57,636.3,94,64.72,0,1,1,1
114,587.0,88,57.36,0,0,0,1
113,761.0,47,75.53,1,0,0,1
111,513.8,54,53.45,0,0,1,0
154,511.2,99,50.06,0,0,0,1
16,540.8,100,53.78,0,0,0,0
119,488.8,68,45.81,0,0,0,1
57,710.1,101,69.06,0,0,0,1
104,518.4,100,49.28,0,0,0,1
63,505.7,64,40.22,0,0,0,1
100,654.0,90,66.73,0,0,1,1
83,468.7,109,39.33,0,0,1,1
108,628.7,102,67.15,0,0,0,1
90,691.3,93,66.34,0,0,0,1
102,568.5,120,50.77,0,0,0,1
86,750.3,74,72.99,0,0,1,1
91,496.5,109,52.42,0,0,0,1
63,687.9,110,67.48,0,1,1,1
86,599.7,71,56.91,0,0,0,1
81,551.6,147,53.44,1,0,1,0
97,781.3,93,77.97,0,0,1,1
73,547.5,110,53.18,0,0,0,1
123,749.7,88,74.97,0,0,1,1
181,636.7,130,63.16,0,0,0,1
33,625.6,111,59.35,0,0,0,0
148,701.9,95,66.03,0,0,0,1
83,501.9,90,41.68,0,0,1,1
90,637.2,103,54.75,0,0,0,1
110,586.1,102,57.61,0,0,0,1
35,518.8,67,48.38,0,0,0,1
124,590.2,108,54.86,0,0,0,1
146,670.2,93,60.59,0,0,0,1
122,592.8,94,54.94,0,0,0,1
105,694.5,106,61.75,0,1,0,0
149,573.6,79,56.22,0,1,0,0
45,443.2,91,44.74,0,0,0,1
110,506.6,109,47.89,0,0,0,1
110,617.8,145,55.84,0,0,0,1
110,457.9,114,49.81,0,0,1,1
58,523.5,80,58.37,0,0,1,1
101,451.9,95,41.06,0,0,1,1
78,636.6,122,62.27,0,0,0,1
123,673.1,85,65.94,0,0,0,0
136,630.5,90,69.68,0,1,0,0
118,598.6,97,57.47,0,0,0,1
91,411.7,115,41.65,0,1,0,1
107,517.1,100,50.74,0,0,0,1
105,632.2,113,64.01,0,0,0,0
94,602.0,79,50.26,0,0,0,0
137,596.0,123,55.02,0,1,0,1
96,629.4,68,63.05,0,0,0,0
127,720.3,102,71.73,1,1,0,1
102,536.1,84,47.44,1,0,0,0
107,582.0,95,58.71,0,0,0,0
70,356.3,112,32.41,0,0,0,0
190,599.4,86,56.58,0,0,0,1
91,517.6,112,42.32,0,1,1,1
120,591.7,98,53.02,0,0,0,1
105,807.8,119,81.73,1,1,0,1
88,587.4,94,55.69,0,0,0,1
60,602.4,106,61.89,0,0,0,1
102,686.1,85,63.88,0,0,1,1
78,595.3,116,54.77,0,0,0,1
84,702.9,86,70.89,1,0,0,0
64,502.1,93,55.95,0,0,0,0
128,596.7,111,60.0,0,0,0,1
34,539.6,80,48.73,0,0,0,1
122,558.7,88,53.45,0,0,0,1
42,501.2,52,51.26,0,0,0,1
65,536.6,53,51.54,0,0,0,1
82,522.1,131,52.67,0,0,1,1
168,374.8,96,37.17,0,0,0,1
100,721.2,117,73.28,1,0,0,1
72,499.0,114,45.47,0,1,1,1
100,684.2,122,67.59,0,0,0,1
128,693.6,75,61.66,0,0,0,1
111,481.6,125,47.09,1,0,0,0
103,459.6,134,47.11,0,0,0,1
74,337.5,84,34.1,0,0,0,1
69,655.4,122,68.22,0,0,0,1
130,539.2,140,54.35,0,0,0,1
66,442.2,133,35.29,0,0,0,1
98,609.2,71,59.48,0,1,0,1
163,585.3,100,58.84,0,0,0,0
117,652.7,104,57.43,0,0,0,1
107,687.6,83,65.15,0,1,0,1
119,491.3,103,46.91,1,1,1,1
101,527.3,112,47.72,0,0,1,1
118,540.0,114,53.64,1,0,1,0
111,640.7,114,63.3,0,0,1,1
39,498.3,68,46.58,0,0,0,1
95,628.3,83,64.1,0,0,0,1
129,593.5,99,48.59,0,0,0,1
122,658.5,102,59.22,0,0,0,1
119,521.8,77,49.63,0,0,1,0
96,441.3,90,41.68,0,0,1,1
87,562.4,92,55.32,0,0,0,1
132,489.5,93,53.52,0,0,1,1
148,598.9,150,62.28,0,0,1,1
64,644.2,88,67.5,0,0,1,0
102,539.6,69,50.72,0,0,1,1
101,709.1,96,70.88,0,0,1,0
133,685.0,103,72.75,1,1,0,1
134,513.6,108,54.42,0,0,0,0
116,729.3,90,68.01,0,0,1,1
37,691.9,81,72.88,0,0,1,1
106,631.5,112,57.04,0,0,0,1
193,416.1,124,45.38,0,0,0,1
95,599.3,88,59.21,0,0,0,1
33,563.8,65,57.47,0,0,0,1
81,548.4,116,53.73,0,0,0,0
150,583.7,133,52.66,0,0,0,1
129,622.2,89,59.8,0,0,1,1
37,475.1,122,48.53,0,1,1,1
98,573.6,114,56.05,0,0,1,0
24,518.6,73,47.21,1,0,0,1
157,541.8,111,60.48,0,0,0,1
101,557.0,130,53.05,0,0,0,1
161,505.4,84,49.19,1,0,0,0
59,559.9,79,54.0,0,0,0,1
82,490.8,102,48.49,0,0,0,1
117,551.5,112,54.5,0,0,1,1
104,459.9,87,41.24,0,0,0,1
64,547.6,73,58.72,0,0,0,1
128,510.3,122,45.71,0,0,0,1
80,640.0,118,64.51,0,0,0,0
63,360.3,122,35.51,0,0,0,0
116,551.0,108,58.47,0,0,1,1
102,724.3,110,75.06,1,0,0,1
120,514.3,117,52.38,0,0,1,1
132,742.2,121,68.61,0,0,0,1
105,524.1,102,48.76,0,0,0,1
117,610.7,121,62.27,0,1,0,1
64,607.7,78,62.9,0,0,0,0
143,537.8,130,49.33,0,0,1,1
60,502.3,88,42.09,0,0,0,1
144,422.9,109,36.66,0,0,1,1
80,522.9,115,54.1,0,0,1,1
143,494.8,127,52.65,0,0,0,1
161,462.2,109,48.92,0,0,0,1
109,624.8,58,58.26,0,0,0,1
139,617.8,82,61.26,1,1,1,1
97,547.0,107,49.78,0,0,0,1
98,476.5,71,42.52,0,0,1,1
122,503.1,96,47.18,0,0,0,1
130,592.3,72,53.88,0,0,0,0
24,601.6,104,63.11,0,0,0,1
74,638.0,102,60.73,0,0,0,1
35,650.2,87,72.19,0,0,0,1
105,671.6,83,71.28,0,0,0,1
95,610.9,96,56.57,0,0,0,1
161,611.1,121,51.19,0,0,0,1
63,708.1,80,67.76,0,0,0,1
57,511.3,92,41.5,0,0,0,1
50,544.3,108,49.61,0,0,0,1
52,503.6,104,55.88,0,0,0,1
115,679.7,113,63.41,0,0,0,1
120,693.1,123,69.57,0,0,1,1
64,473.1,134,53.78,1,1,0,1
144,672.2,98,73.41,0,0,1,1
152,756.1,120,73.85,1,1,1,0
161,536.3,76,55.96,0,0,1,1
52,588.5,77,51.97,0,0,1,1
81,553.2,77,58.44,0,0,0,1
148,667.6,84,67.78,0,0,0,1
24,611.2,91,65.23,1,0,0,1
107,504.0,92,57.32,0,0,1,1
144,359.4,96,38.59,0,0,0,1
134,591.1,93,61.87,0,0,1,1
100,664.7,95,61.94,0,0,0,1
57,689.7,96,61.62,0,0,0,1
95,600.8,114,60.67,0,0,0,0
133,561.1,92,54.86,0,0,0,1
110,467.5,117,38.39,0,0,0,0
102,611.1,101,59.28,0,0,1,1
72,472.2,79,46.12,0,0,0,1
54,384.7,88,36.57,0,0,1,1
114,532.2,75,50.16,0,0,0,1
62,470.9,103,38.97,0,0,0,1
97,708.5,82,74.44,1,0,0,1
82,612.3,90,62.75,0,0,0,0
113,709.5,108,72.98,1,0,0,0
100,472.7,104,54.82,0,0,1,1
74,630.6,106,54.61,0,0,0,1
65,428.0,95,38.14,0,0,0,1
29,584.2,122,51.77,0,0,0,1
131,700.2,95,58.49,0,0,0,1
102,568.0,105,46.09,1,0,1,0
119,617.2,110,58.55,0,0,1,1
95,682.0,120,73.66,1,0,0,1
136,440.7,105,40.66,0,0,0,0
50,569.5,108,50.42,1,1,0,1
82,494.0,110,45.89,0,0,0,1
84,571.4,99,62.29,0,0,0,1
135,499.2,85,52.26,1,1,1,1
62,491.8,111,45.0,0,0,0,1
30,582.8,76,53.98,0,0,0,0
35,383.8,102,37.75,0,0,0,1
85,596.2,81,62.03,0,0,0,0
159,604.2,78,57.98,0,0,1,1
120,579.1,108,61.87,0,0,0,0
57,754.7,121,77.87,0,0,1,1
151,501.5,88,45.11,0,0,0,1
136,564.8,122,58.9,0,1,0,1
104,418.3,116,33.0,0,0,0,0
131,562.1,95,48.91,1,0,0,1
91,586.0,110,64.45,1,1,0,1
77,738.7,87,74.05,1,0,0,1
197,523.5,80,48.37,1,1,0,0
89,652.2,63,63.04,1,0,0,1
100,475.4,130,57.91,0,0,0,1
106,612.5,120,65.96,0,0,0,1
72,565.8,88,63.83,0,0,0,1
102,547.5,108,57.46,0,0,0,1
43,633.9,93,56.37,0,0,0,0
93,589.8,95,53.1,0,0,0,1
135,605.3,115,55.24,0,0,0,1
102,513.4,124,37.77,0,1,0,0
75,667.8,90,66.01,0,0,1,0
68,555.9,93,49.72,0,0,1,1
25,671.3,69,68.9,0,0,0,1
136,668.6,74,68.35,0,0,0,1
78,503.8,74,42.23,0,0,0,1
64,529.0,73,48.92,1,0,0,0
141,688.4,90,70.7,0,0,0,0
68,583.9,107,62.02,0,0,0,1
131,579.7,60,52.4,0,0,1,1
87,470.6,113,40.47,0,0,1,0
95,610.6,109,62.41,1,1,1,1
162,562.5,117,59.09,0,0,0,1
81,492.5,99,45.56,0,0,0,1
56,572.3,87,48.33,0,0,1,1
161,543.8,70,46.24,0,0,0,1
134,769.2,93,80.67,1,0,0,1
64,690.2,76,66.12,0,0,0,1
118,792.8,145,81.81,1,0,0,0
136,565.6,76,54.34,0,0,1,1
68,552.4,97,46.77,0,0,1,0
80,564.5,132,55.13,0,1,1,1
70,525.0,103,41.35,0,0,0,1
79,615.9,119,55.63,0,0,0,0
72,503.7,133,45.73,0,0,0,1
183,561.3,104,54.4,0,0,1,1
121,630.5,127,67.35,0,1,1,0
86,631.1,139,54.88,0,0,0,1
189,493.8,80,55.44,0,0,0,1
32,471.2,88,48.17,0,0,0,1
169,593.5,79,61.65,0,0,0,1
117,590.6,95,57.47,0,0,0,1
105,628.9,82,64.59,1,1,1,1
68,571.1,113,57.01,1,1,1,1
142,568.5,109,55.46,0,1,1,1
126,560.0,93,43.25,0,0,0,1
121,454.9,129,48.28,1,0,1,0
78,588.8,77,51.89,0,0,0,1
123,580.7,119,56.5,0,0,0,1
111,532.1,104,52.55,0,0,1,1
102,713.5,88,71.74,1,0,0,0
68,566.4,97,58.58,0,0,0,1
101,551.0,84,64.35,0,0,0,1
153,618.4,104,58.67,0,0,1,1
102,528.1,147,57.25,0,0,0,1
93,506.8,78,48.02,1,1,0,1
107,589.8,76,56.5,0,0,0,0
80,642.7,103,58.48,0,0,0,1
84,649.6,97,58.84,0,0,1,0
79,644.1,99,62.62,0,0,0,0
112,551.8,110,57.74,0,0,1,1
210,509.2,121,41.97,0,0,0,1
88,475.2,91,50.49,0,0,0,1
147,570.0,83,62.68,0,0,0,0
112,661.3,102,62.75,0,0,0,1
80,667.5,123,59.82,0,0,0,1
13,479.6,121,39.37,0,0,0,1
12,553.2,117,56.64,0,1,0,1
163,653.6,89,61.08,0,0,0,1
54,588.7,73,57.65,0,0,1,1
61,382.1,103,34.8,0,1,0,1
100,494.2,94,49.42,1,1,0,1
1,469.3,106,49.28,1,0,0,0
134,565.8,95,51.4,0,0,0,1
59,587.7,80,58.17,0,0,0,1
102,549.7,82,56.9,0,0,0,1
111,433.5,104,41.9,0,0,1,1
147,543.3,83,49.1,0,0,0,0
149,441.3,106,43.0,0,0,1,1
70,666.7,97,67.11,0,0,0,1
135,673.2,141,70.63,0,0,1,1
143,643.5,69,61.16,0,0,1,1
116,687.7,104,66.91,0,0,1,1
117,421.8,81,37.77,0,0,1,1
58,608.5,96,56.13,0,1,1,1
79,729.0,97,73.94,1,0,0,0
117,529.2,100,42.71,1,1,0,1
116,665.6,110,61.35,0,0,0,1
57,651.2,105,62.75,0,0,1,1
116,618.5,90,59.1,0,0,0,1
109,767.1,69,79.81,1,0,0,1
140,590.8,107,57.78,0,0,0,1
120,431.6,99,39.16,0,0,0,1
193,351.4,58,29.7,0,0,1,1
74,586.8,116,52.81,0,0,0,1
156,619.1,95,57.11,0,0,0,0
119,613.5,101,57.61,0,1,1,1
97,527.5,84,51.59,0,0,0,0
109,766.0,116,73.92,0,0,1,0
177,543.2,120,53.15,0,0,0,1
201,776.3,110,75.13,1,0,0,1
104,519.4,133,51.15,0,0,0,1
131,417.0,74,37.25,0,0,0,1
47,598.6,77,55.5,0,0,1,1
104,514.4,88,41.52,0,0,0,1
97,421.0,135,44.28,0,0,1,1
129,555.4,94,57.23,0,0,1,1
40,479.5,69,55.04,1,0,1,1
164,420.7,88,52.38,0,0,1,1
78,641.3,88,60.42,0,0,0,1
102,490.9,107,55.34,0,0,0,1
113,394.4,88,34.98,0,0,0,1
145,675.8,94,66.41,0,0,1,1
184,715.7,73,73.25,1,0,0,1
35,747.9,59,67.38,0,0,0,1
58,622.6,112,60.45,0,0,0,0
82,672.5,121,65.46,0,0,1,0
67,637.2,117,63.41,0,0,1,1
115,647.7,110,57.78,0,0,1,1
59,643.0,78,64.71,0,1,1,1
57,586.3,68,56.81,0,0,0,1
163,547.1,56,55.58,0,0,0,0
87,583.9,105,54.21,0,0,0,0
123,391.3,107,44.22,0,0,0,1
135,604.5,97,60.97,0,0,0,1
103,640.1,78,57.67,0,0,1,1
80,506.7,67,46.05,0,0,0,1
87,541.3,102,57.5,0,0,1,1
36,582.3,117,53.28,0,0,0,1
78,486.4,102,40.51,0,0,0,1
86,542.0,92,48.02,0,0,0,1
91,608.9,97,63.89,0,0,1,0
77,588.6,102,55.06,0,0,0,1
64,611.5,116,63.08,0,0,1,0
55,747.3,124,78.58,1,0,0,1
125,676.2,78,78.55,1,1,0,1
100,455.8,63,38.11,1,0,0,0
60,636.4,147,59.41,1,0,0,1
49,718.7,79,69.67,0,0,0,1
76,519.9,78,55.07,0,0,0,1
127,618.6,107,62.98,0,0,0,1
101,594.1,108,59.31,0,0,1,1
131,389.0,83,37.55,1,1,0,0
112,731.7,89,71.35,0,0,1,0
163,684.5,77,72.55,1,0,0,1
101,548.3,101,63.73,0,0,1,1
89,488.4,59,45.08,0,0,0,1
76,541.2,61,56.27,0,0,0,1
109,650.9,82,60.15,0,0,0,0
97,603.7,105,52.72,0,0,1,0
124,588.7,77,57.34,0,0,0,1
85,604.7,82,61.22,0,0,0,1
182,462.5,104,42.56,0,0,1,1
110,618.5,115,57.45,0,0,0,1
90,466.4,97,52.56,0,0,0,1
124,721.6,82,60.33,0,0,0,1
210,654.2,87,74.57,0,0,1,0
168,562.1,70,55.74,0,0,1,1
106,598.7,104,64.28,0,0,1,1
72,550.7,103,52.02,0,0,0,1
56,530.8,84,45.7,0,0,0,1
118,509.1,113,44.43,0,0,0,1
95,528.8,119,53.85,0,0,0,1
126,682.8,99,77.6,1,0,0,1
153,492.8,107,52.79,0,0,0,1
21,503.1,78,45.27,0,0,0,1
102,605.9,116,60.09,1,0,0,1
176,570.9,108,63.91,0,0,0,1
92,666.7,116,62.19,0,0,1,1
124,635.1,134,62.95,0,0,0,1
114,595.4,96,53.67,0,0,1,0
144,645.4,93,62.73,0,0,0,1
44,611.2,105,61.7,0,0,1,1
136,718.2,86,69.95,0,0,1,1
106,545.5,142,48.58,0,0,0,1
35,672.6,87,66.16,0,0,1,1
21,654.4,142,66.0,0,0,0,1
158,691.6,106,62.57,0,0,0,1
51,505.8,111,49.51,0,0,0,1
31,658.0,116,60.72,0,0,1,1
147,612.6,95,59.9,0,0,0,1
90,574.3,108,47.56,0,0,0,0
45,712.8,92,66.85,0,0,1,1
41,534.1,109,55.72,0,0,1,1
156,609.7,119,71.6,0,1,0,1
94,688.3,112,68.81,0,0,0,1
192,622.3,88,60.13,0,0,0,1
106,651.2,96,65.59,1,0,0,1
146,585.9,82,55.9,0,0,1,1
63,671.0,81,60.88,0,0,0,1
97,688.8,81,71.01,0,0,0,1
77,550.0,114,60.65,0,0,0,0
100,548.1,123,49.55,0,0,1,0
221,610.3,85,59.0,0,0,1,1
52,657.2,97,66.05,0,0,0,1
100,562.4,123,55.56,0,0,0,1
199,749.3,121,71.32,0,0,1,1
93,660.2,70,69.76,0,0,0,1
102,602.7,116,56.84,0,0,0,0
30,564.8,144,55.66,0,0,0,1
73,720.8,92,60.07,0,0,0,1
105,612.6,74,51.68,0,0,0,1
56,485.4,111,45.62,0,0,0,1
154,535.0,69,50.64,1,1,0,1
157,593.6,95,67.86,0,0,0,0
105,566.6,79,47.15,0,0,1,1
139,667.1,119,66.14,0,0,0,0
95,759.9,113,68.43,0,0,0,1
80,339.3,110,30.25,0,0,0,1
101,509.2,116,51.33,0,0,1,1
133,623.0,138,71.83,1,0,0,1
84,713.6,105,59.5,0,0,0,1
76,568.2,66,57.8,0,0,1,1
129,661.7,104,55.87,0,0,1,1
111,494.6,75,44.96,0,0,0,1
116,605.8,84,58.72,0,0,0,1
105,613.0,106,63.24,1,0,0,1
106,599.0,133,59.85,0,0,0,1
164,459.2,78,42.88,0,0,0,1
51,509.5,107,38.62,0,0,0,1
112,604.3,127,59.38,0,0,0,1
64,555.2,113,63.64,0,0,0,1
54,483.4,73,48.15,0,0,1,1
58,617.6,126,64.02,0,0,0,0
65,505.7,129,56.17,0,0,1,1
132,585.4,107,55.95,0,0,0,1
155,517.6,111,52.67,0,0,0,0
55,326.0,77,32.88,0,1,0,1
159,752.3,53,78.49,1,1,0,1
112,786.8,97,77.24,1,0,0,1
124,653.0,102,61.08,0,0,0,0
45,450.1,106,37.57,1,0,0,1
50,662.9,102,61.09,0,0,0,1
49,614.5,92,65.74,1,1,0,1
106,685.3,143,63.03,0,0,0,1
52,464.5,110,45.61,1,0,0,0
64,403.9,92,40.84,0,0,1,1
159,454.4,102,40.49,0,0,1,1
114,516.0,96,50.36,0,0,0,1
158,560.9,126,57.03,0,0,0,1
93,536.9,121,54.28,0,0,0,1
66,697.7,102,66.35,0,0,0,1
125,580.5,108,50.2,0,0,0,1
102,536.7,80,57.52,0,0,0,1
159,607.6,107,60.02,0,0,0,0
105,494.2,71,45.15,1,0,0,0
139,618.8,109,64.21,1,0,0,1
95,456.2,84,46.63,0,0,0,0
102,465.0,86,44.3,0,0,1,1
128,728.2,104,64.22,0,0,1,1
21,539.5,95,42.33,1,0,0,0
171,626.8,135,64.65,0,0,0,1
102,501.0,125,40.17,0,0,0,1
92,460.4,90,39.93,0,0,0,1
104,555.5,92,54.77,0,0,0,1
80,682.4,122,73.1,1,1,0,1
87,476.9,91,41.66,0,0,0,1
120,609.6,83,71.41,0,0,1,1
122,645.1,99,74.68,1,0,0,0
117,744.3,82,70.9,0,1,1,1
113,587.5,99,59.52,0,0,0,1
89,820.2,80,68.35,0,0,1,1
91,458.7,121,46.04,0,0,0,1
92,686.2,60,64.45,1,0,0,1
163,416.0,129,38.56,0,0,0,1
18,638.8,93,67.53,0,0,0,1
13,453.8,65,49.4,0,0,1,1
80,736.7,120,78.79,1,0,0,1
126,460.3,123,43.93,0,1,1,1
154,602.5,93,59.26,0,0,0,0
72,604.3,117,53.63,0,0,0,1
134,646.8,82,62.34,0,0,1,1
125,536.1,90,51.53,0,0,0,1
45,608.2,110,57.25,0,0,0,1
64,526.9,116,52.4,0,0,0,1
74,650.6,95,57.44,0,0,0,1
67,625.8,125,57.57,0,0,0,1
83,575.7,103,62.85,0,0,0,0
130,567.2,119,53.54,0,0,0,1
59,628.3,120,62.88,0,0,1,1
177,552.9,77,45.79,0,0,0,1
88,621.6,111,59.59,0,0,0,1
74,682.1,93,67.44,0,0,0,1
124,542.9,101,53.45,0,0,0,1
101,575.2,66,51.77,0,0,0,1
120,679.1,88,63.52,0,0,0,1
30,710.7,107,69.94,0,0,0,1
102,651.8,105,64.12,0,0,1,0
92,483.3,125,55.71,0,0,0,1
112,448.8,117,40.71,0,0,1,1
146,610.1,65,54.59,0,1,0,1
88,692.3,82,62.02,0,0,0,1
81,602.6,93,60.36,0,0,0,1
87,539.9,81,54.24,0,0,0,0
10,604.2,103,58.66,0,0,0,1
115,766.2,81,85.78,1,1,0,1
122,587.7,103,58.24,1,0,1,1
63,565.1,75,51.91,0,0,0,1
76,702.1,66,76.3,1,1,0,1
145,773.2,116,76.99,1,0,0,1
153,611.7,103,58.49,1,0,0,1
151,736.7,116,67.18,0,0,0,1
136,559.7,117,46.83,0,0,0,1
166,587.2,89,61.2,0,0,0,1
139,563.9,130,65.56,0,0,0,1
129,643.6,98,57.0,0,0,0,1
56,566.9,99,51.76,1,0,0,0
150,616.3,112,60.17,0,0,1,1
139,535.0,135,56.02,0,0,0,0
54,549.4,91,60.37,0,1,0,0
114,693.7,90,77.97,0,0,1,1
80,502.0,121,45.76,0,0,0,1
160,652.7,77,64.77,0,0,0,1
65,565.5,119,57.24,0,0,1,0
49,679.1,90,72.16,1,0,0,1
115,510.4,86,50.55,0,0,1,1
62,596.6,91,62.43,0,0,0,0
150,686.2,72,61.64,0,0,1,1
140,519.1,89,43.73,0,0,0,1
102,521.7,81,56.74,0,0,0,1
80,643.6,69,66.44,0,0,1,1
118,520.2,123,50.43,0,1,0,1
76,736.9,125,79.67,1,0,0,1
70,583.7,111,59.64,0,0,0,1
137,528.9,122,54.72,0,0,0,1
130,663.2,119,65.48,0,0,0,1
78,588.1,95,61.16,0,0,0,1
67,477.5,80,47.36,0,0,0,1
90,511.3,89,43.62,0,0,1,1
102,627.1,114,68.97,0,0,0,0
90,495.2,122,41.69,0,0,0,1
96,570.3,128,50.38,0,0,0,1
40,531.7,74,49.22,0,0,1,1
189,598.4,124,62.19,0,0,0,0
124,591.4,72,58.26,0,0,0,1
95,569.9,98,59.82,0,0,0,1
33,440.9,99,46.46,0,1,0,1
71,807.6,108,82.8,1,0,0,0
80,568.0,114,58.53,0,0,0,1
93,659.0,109,73.83,1,1,0,1
109,643.4,138,61.92,0,1,1,1
64,562.2,80,55.59,0,0,1,1
120,736.8,94,73.46,0,0,1,1
21,690.4,110,68.96,0,0,0,1
103,492.3,84,47.73,1,0,1,1
64,495.3,101,53.2,0,0,1,1
81,604.6,100,62.53,0,0,1,1
71,567.6,132,62.92,0,0,0,0
90,666.8,77,60.83,0,0,0,1
102,596.6,100,49.27,0,0,1,1
176,339.0,151,40.97,0,0,0,1
3,586.7,96,56.33,0,1,0,1
102,571.1,90,44.26,0,0,0,1
51,587.4,60,60.01,0,0,0,1
114,556.3,109,54.7,0,0,0,1
101,549.2,116,47.31,0,0,1,1
77,732.7,72,72.67,1,0,0,1
102,459.5,113,50.25,0,1,0,1
119,634.8,128,66.81,0,0,1,1
102,532.0,80,51.53,0,0,1,1
91,593.2,78,69.44,0,0,1,1
100,610.8,110,49.53,0,1,0,1
76,352.0,107,42.6,0,0,1,0
105,461.4,82,43.08,0,0,0,1
121,517.0,105,50.0,0,0,0,1
55,480.5,114,46.27,1,0,1,0
73,724.0,145,70.1,0,0,0,1
98,579.2,122,63.16,0,0,0,1
190,434.1,96,44.51,0,0,0,1
71,703.0,82,63.96,0,0,1,1
77,499.9,68,38.78,0,0,0,1
172,706.5,102,73.62,0,0,1,1
106,622.2,124,59.95,0,0,0,1
49,604.3,91,65.61,0,0,0,1
127,718.8,91,63.8,0,0,1,1
172,747.9,123,62.2,0,0,0,1
28,509.1,48,43.15,1,0,0,0
205,388.8,123,29.76,0,0,0,1
63,501.1,107,45.08,0,0,1,1
110,597.4,93,54.28,0,0,0,1
117,608.5,119,48.51,0,0,0,1
99,756.3,102,78.36,1,1,0,1
112,576.4,83,58.38,0,0,0,0
138,582.5,102,52.01,0,0,0,0
122,456.5,101,45.89,1,1,0,0
90,726.0,121,70.26,0,0,0,1
112,726.9,122,67.11,0,0,1,1
55,490.2,82,43.12,0,0,1,1
64,533.6,83,48.29,0,1,0,0
111,437.3,103,38.97,0,0,0,1
52,640.0,118,68.09,1,1,0,1
6,618.9,117,61.07,0,0,0,1
58,555.4,145,51.53,0,0,0,1
93,686.7,90,60.64,0,0,1,0
149,593.7,61,56.29,0,0,0,0
51,600.7,108,55.55,1,1,0,1
91,680.1,71,67.04,0,0,0,1
108,387.4,105,32.4,0,0,0,1
85,710.6,107,60.49,0,1,0,1
130,535.2,81,48.65,0,0,0,1
41,585.5,105,57.46,0,0,0,1
1,476.0,107,44.02,0,0,0,1
111,522.1,94,48.52,0,0,1,1
61,555.8,105,54.77,0,0,0,1
110,615.7,102,65.08,0,0,1,1
84,736.0,112,67.44,0,0,1,1
31,601.4,54,49.44,0,0,1,1
102,563.2,103,56.78,0,0,0,1
89,525.4,83,54.21,0,0,0,1
113,754.4,111,78.7,1,0,0,1
137,705.1,88,65.84,0,0,0,1
165,611.6,91,57.54,0,0,0,0
112,568.1,101,57.48,0,0,0,1
194,587.5,106,57.36,0,0,0,1
37,582.3,119,55.14,1,1,0,1
87,498.9,119,51.3,0,1,0,1
63,575.0,119,53.98,0,0,1,1
101,566.1,92,52.8,1,0,0,0
137,677.4,103,67.21,1,1,0,1
120,733.4,140,76.44,0,0,1,1
23,576.4,89,56.36,0,0,0,0
94,502.5,105,48.55,1,0,0,0
102,509.7,99,47.79,0,1,1,1
57,482.3,65,40.98,1,1,0,1
87,575.6,99,50.94,0,0,1,1
85,620.9,122,58.99,0,0,0,1
95,596.5,88,56.32,0,0,0,0
160,710.4,109,62.26,0,0,0,1
61,533.8,76,51.67,0,1,1,1
75,524.2,93,61.53,0,0,1,1
60,589.8,113,68.4,1,1,1,1
138,672.0,96,66.25,0,0,0,1
145,551.9,110,56.21,0,0,0,1
96,560.4,96,55.46,0,0,1,1
97,635.5,107,64.52,1,1,0,1
95,624.6,78,57.45,0,0,1,1
111,521.9,88,47.43,1,0,0,0
71,709.6,82,72.82,1,0,0,1
148,552.6,115,62.91,0,0,0,1
136,451.9,91,42.32,0,0,0,1
99,704.6,44,72.34,1,0,0,0
149,570.7,87,53.51,0,1,0,1
38,361.5,92,36.86,0,0,0,1
139,601.3,85,64.83,0,0,1,1
106,600.7,105,63.44,0,0,1,1
128,573.2,91,64.01,0,0,0,0
104,600.9,101,69.39,0,0,0,1
132,596.2,85,61.25,0,0,0,1
99,588.5,75,49.65,1,0,0,0
170,640.9,107,68.77,0,0,0,1
44,738.5,112,79.57,1,0,0,0
98,464.6,116,54.12,1,0,0,0
65,629.2,112,56.25,0,0,0,1
75,712.1,133,66.68,0,0,0,1
93,596.2,78,49.12,0,0,0,1
85,594.4,88,55.38,0,0,0,1
117,751.9,97,70.97,0,0,0,1
130,706.6,106,73.36,1,1,0,0
103,551.9,105,50.77,0,0,1,1
114,642.1,145,61.45,0,0,0,1
67,538.6,65,46.0,0,0,1,1
78,494.8,85,53.29,0,0,0,1
95,615.3,65,64.94,0,0,0,0
112,629.0,121,63.98,0,0,1,0
157,497.8,107,54.3,0,0,1,0
41,497.8,102,54.8,0,0,1,1
63,643.0,126,60.7,0,0,0,1
121,552.5,74,59.53,0,0,0,0
87,542.4,106,51.29,0,0,1,1
132,617.6,54,62.34,0,0,1,1
99,681.5,71,69.32,0,0,1,0
143,537.7,107,49.83,0,0,0,1
36,590.0,89,61.35,1,1,1,1
142,542.7,134,59.03,0,0,0,1
106,519.3,97,50.22,0,0,0,1
50,589.5,127,68.54,0,0,0,1
139,522.7,121,51.43,0,1,0,1
120,535.1,115,46.69,0,0,1,1
59,465.3,96,47.57,0,0,0,1
135,459.6,107,51.24,0,0,0,1
151,479.8,106,49.28,0,0,0,1
109,737.0,72,70.22,0,0,0,1
159,531.8,93,51.81,0,0,1,1
224,503.6,133,43.59,0,0,0,0
82,516.4,96,47.26,0,0,0,1
195,658.5,110,67.6,0,0,1,1
68,583.8,94,61.34,0,0,0,1
104,652.3,113,61.8,0,0,0,1
60,788.2,101,81.93,1,0,0,1
54,661.0,113,68.76,0,0,0,1
70,657.7,125,60.82,0,0,0,1
86,527.5,139,49.21,0,0,1,1
115,613.4,107,57.61,0,0,1,0
152,554.3,92,49.99,0,0,0,1
110,588.9,110,63.31,0,0,0,0
94,720.6,104,73.82,1,0,0,0
96,661.6,96,71.27,0,0,1,1
55,564.1,101,49.93,0,0,1,0
86,458.3,131,47.61,1,1,0,1
39,406.6,110,46.28,0,0,0,1
94,592.2,113,46.45,0,0,0,1
142,548.4,104,50.53,0,0,1,1
95,600.1,115,51.73,1,0,0,0
104,545.9,78,50.13,0,0,0,1
132,625.7,75,62.26,0,1,1,1
91,506.1,100,44.09,0,0,0,1
73,498.3,80,57.87,0,0,0,1
139,630.4,104,61.84,0,0,0,0
162,667.7,97,65.69,0,0,1,1
100,583.5,88,54.94,0,0,1,1
102,692.0,115,66.55,0,0,0,1
16,601.5,78,63.99,1,0,0,1
165,655.2,75,56.02,0,0,0,1
61,673.1,53,72.16,0,0,1,0
56,408.4,115,28.86,0,0,1,1
80,598.8,116,59.69,0,0,0,1
126,545.0,102,46.43,0,0,1,0
88,720.3,114,76.62,0,1,1,1
66,651.3,87,57.76,0,0,1,1
100,700.4,112,67.97,0,1,0,0
105,601.6,81,54.37,0,0,0,1
89,574.6,140,60.64,0,0,1,1
55,558.1,95,53.52,0,0,1,1
160,436.3,116,37.75,0,0,0,1
74,714.1,112,77.45,1,0,0,1
66,506.9,76,44.54,0,0,1,1
85,573.8,123,59.82,0,0,1,1
117,700.2,118,77.82,1,1,0,1
30,601.6,88,62.8,0,0,0,1
84,573.0,138,59.77,0,0,1,0
96,666.1,111,63.21,0,0,0,1
125,613.8,132,53.52,0,0,0,1
79,646.3,123,63.37,0,0,0,1
135,634.2,91,65.6,0,0,0,1
94,464.5,88,54.58,0,0,1,1
83,671.6,71,64.93,0,0,0,1
121,578.3,79,57.5,0,0,0,1
99,742.0,64,62.69,0,0,0,0
131,747.9,101,78.25,1,1,1,0
127,470.2,79,46.88,0,0,0,1
139,457.2,112,39.75,0,0,1,1
109,677.4,105,69.84,0,0,0,1
41,470.2,97,52.67,0,0,0,0
113,430.0,85,38.03,0,0,0,0
138,412.0,102,34.97,0,0,1,1
49,607.1,69,53.18,0,0,0,1
82,597.6,101,61.54,0,1,0,0
53,588.6,117,60.37,1,0,0,0
136,477.8,79,45.61,0,0,0,1
38,604.4,94,58.97,0,0,0,0
55,651.7,91,63.56,1,1,0,1
90,633.1,158,54.93,0,0,0,1
124,514.0,107,49.52,0,0,0,0
97,528.2,101,49.87,0,0,1,0
69,690.3,98,75.14,1,1,1,1
146,640.2,126,55.24,0,1,0,1
130,565.9,92,52.36,0,0,1,1
123,642.8,92,63.99,0,0,0,0
62,589.4,94,58.19,0,0,0,0
151,477.2,89,50.25,0,0,0,1
116,469.6,101,36.92,0,0,0,1
132,612.2,96,52.49,0,0,1,1
81,748.9,141,75.0,1,0,0,1
133,634.6,91,57.31,0,0,0,1
121,610.2,62,59.6,0,0,1,1
70,731.9,101,74.51,0,0,1,1
163,500.2,91,54.96,0,0,1,1
84,553.0,133,50.1,0,0,0,1
147,603.6,117,56.14,0,0,0,1
109,716.9,85,71.84,1,1,0,1
29,497.4,81,53.71,0,0,0,1
134,365.7,86,24.29,0,0,0,1
100,536.4,102,54.33,0,0,0,1
125,464.5,80,42.32,1,0,0,0
144,617.4,101,54.67,0,0,0,1
37,527.8,69,52.81,0,0,0,1
60,489.0,118,49.64,0,0,0,0
101,494.1,116,47.0,0,1,0,1
58,607.2,107,64.67,0,0,0,1
137,453.7,90,45.68,0,0,0,1
107,513.7,101,48.36,0,0,1,1
42,447.2,84,48.65,0,0,0,1
98,564.6,127,56.63,0,0,0,1
83,718.7,120,83.62,1,0,0,1
54,717.2,85,72.23,1,0,0,1
103,492.8,124,43.2,0,0,1,1
28,661.5,109,63.93,0,0,0,1
87,602.4,122,55.32,0,0,1,1
22,486.6,100,55.66,0,0,1,1
186,471.9,97,45.97,0,0,0,1
69,660.4,91,64.57,0,0,0,1
52,530.3,80,45.73,0,0,0,0
126,729.4,126,67.38,0,1,0,1
68,545.9,116,57.48,0,0,0,1
105,574.6,111,60.11,0,0,1,1
163,638.3,120,65.68,0,0,0,1
60,682.6,133,57.2,0,0,0,1
39,499.1,83,42.11,0,0,0,1
11,591.0,86,59.22,0,0,1,0
88,455.8,81,49.85,0,0,0,1
46,556.0,72,58.36,0,0,0,1
102,522.3,140,50.25,0,1,0,1
160,562.5,111,64.81,0,0,0,0
67,501.5,101,51.65,0,0,0,1
73,538.0,95,58.39,0,0,0,1
73,607.4,109,57.73,0,0,0,1
125,416.7,109,36.65,0,0,1,1
128,722.0,130,73.08,1,0,0,1
137,651.7,118,67.24,0,0,0,0
150,545.9,75,53.16,0,0,1,1
105,589.5,99,55.31,0,0,0,0
142,597.6,102,62.64,0,0,0,1
115,644.1,95,69.92,1,1,0,1
93,621.3,93,57.92,0,0,0,1
176,592.0,76,63.11,0,0,0,0
123,567.9,88,56.61,0,0,0,1
166,604.6,106,61.9,0,0,0,1
196,656.6,109,68.78,0,0,0,1
99,690.0,112,68.06,0,0,0,0
119,663.2,115,72.11,1,0,0,1
95,553.8,87,53.05,0,0,1,1
58,637.1,127,66.24,0,0,1,1
117,495.8,82,44.69,0,0,0,1
66,688.9,108,72.59,0,0,1,1
93,783.3,106,82.33,1,0,0,1
72,520.6,97,41.69,0,0,0,1
120,633.8,110,69.08,0,0,0,1
9,496.0,87,40.54,0,0,1,1
130,505.6,109,48.49,0,0,0,1
102,525.7,87,50.17,0,0,0,1
175,676.6,95,56.19,0,0,0,1
95,669.8,130,71.28,0,0,1,1
117,618.7,95,56.82,0,0,0,1
152,441.3,122,38.17,0,0,0,1
134,478.4,130,52.95,0,0,1,1
144,527.4,96,52.4,1,0,1,1
138,511.1,117,49.03,0,0,0,0
115,573.8,148,48.48,0,0,0,0
122,559.6,120,51.95,0,0,0,1
108,687.5,78,70.17,0,0,0,1
186,547.9,107,41.03,0,0,1,1
89,497.8,114,46.94,1,1,1,1
70,523.8,99,45.03,0,0,0,1
120,509.9,110,50.58,0,0,0,1
102,490.8,124,35.77,0,0,0,1
110,420.7,102,32.43,0,0,0,1
138,609.9,139,57.58,0,0,1,0
63,528.9,118,48.43,0,0,0,0
159,561.2,114,54.39,0,0,0,1
71,524.4,107,47.8,0,0,1,1
181,562.1,91,51.03,0,0,0,1
119,606.1,90,58.37,0,0,0,1
145,655.1,137,65.12,0,0,0,1
66,623.8,135,67.32,0,0,0,1
55,614.0,100,68.84,0,0,0,1
114,576.3,101,60.06,0,0,0,1
52,535.7,114,57.19,0,0,0,0
86,558.2,112,65.16,0,0,1,0
44,574.4,117,59.63,0,0,0,1
148,543.5,81,61.15,1,1,0,1
116,777.2,120,81.2,1,0,0,1
111,724.0,109,73.5,1,0,0,1
123,585.1,92,54.35,0,0,0,1
149,574.5,132,55.41,0,0,1,1
88,588.8,116,56.67,0,0,0,1
132,571.1,66,48.96,0,0,0,1
96,565.6,86,52.38,0,0,1,1
159,536.5,103,46.24,0,0,0,1
101,519.9,118,45.01,1,0,0,0
85,726.5,114,72.39,0,0,0,0
109,526.3,138,50.17,0,0,0,1
112,495.0,119,43.49,0,0,0,1
89,415.2,80,37.09,0,0,0,1
130,631.4,101,66.72,0,0,0,1
84,635.4,102,60.27,0,0,0,1
1,433.2,113,44.42,0,0,0,1
54,513.2,82,44.16,0,0,1,1
134,581.9,85,63.72,0,0,0,1
141,424.3,74,37.11,0,0,0,1
129,583.6,131,57.79,0,1,0,1
67,623.4,97,69.51,0,0,0,0
50,444.8,107,45.31,0,0,0,1
15,512.5,101,46.06,0,0,0,1
68,568.7,119,53.91,0,0,0,1
149,707.5,83,71.97,1,0,0,0
78,722.8,115,70.61,0,0,0,1
121,779.3,88,76.28,0,0,1,0
55,623.9,91,62.02,0,0,1,1
51,513.3,114,62.63,0,0,0,1
174,654.2,143,65.59,0,0,1,1
57,577.1,113,54.41,0,0,0,0
144,560.5,102,61.59,0,0,1,1
131,454.9,133,42.55,0,0,0,1
36,543.0,110,53.25,0,0,1,1
129,547.2,127,58.37,0,0,0,0
123,690.2,77,63.15,0,0,0,1
74,654.3,102,55.43,0,0,0,1
162,610.1,144,58.64,1,0,1,1
133,622.4,107,68.14,0,0,1,0
80,518.5,89,47.54,0,0,0,1
146,650.8,101,60.36,0,0,0,0
51,565.6,108,56.02,0,0,0,1
79,425.8,112,45.27,0,0,0,1
155,590.3,100,59.63,1,0,0,1
38,529.4,114,46.83,0,0,0,1
82,641.4,95,55.51,0,0,1,1
108,563.6,104,59.24,0,0,0,1
88,543.8,107,52.73,0,0,0,1
109,615.1,123,64.22,0,0,1,0
121,604.3,95,63.8,0,0,1,1
197,635.7,96,66.6,0,0,0,1
125,697.2,82,72.24,1,0,0,1
101,646.9,105,61.45,0,0,0,1
90,557.4,106,57.06,0,0,1,1
70,555.3,110,56.89,0,0,0,1
63,629.5,104,57.94,0,0,0,1
77,680.2,95,62.32,0,0,0,0
83,445.8,122,46.04,0,0,1,0
